,flock_gcm,avg_sheep_dist_from_gcm,furthest_sheep_from_gcm
0,"[125.85442785539998, 131.80092991819996]",57.72813016499789,95.87598994041258
1,"[125.87620709539996, 131.81384832819995]",57.73026456541463,95.9008160808055
2,"[125.87854447149998, 131.84084278699996]",57.711440611324676,95.92062869016351
3,"[125.86196260709995, 131.87035716369996]",57.68298506430796,95.92808663269955
4,"[125.86350150159997, 131.90382825979998]",57.65027664409046,95.95165671876667
5,"[125.87147096979997, 131.91442485029998]",57.63228481263306,95.96467322014252
6,"[125.86678041989995, 131.9364689823]",57.6316732773268,95.97596729039228
7,"[125.89286735239997, 131.9559950615]",57.59413202460506,96.00841442109558
8,"[125.90636022279998, 131.9810412801]",57.56598362252092,96.03521633836006
9,"[125.92791210779997, 132.00571851019998]",57.55131463841603,95.82374932031023
10,"[125.92482890439996, 132.0281940575]",57.55119861648401,95.83671995596826
11,"[125.95115825659995, 132.04651106399996]",57.55575538634285,95.86849260391305
12,"[125.95161471119995, 132.106610704]",57.521028289985196,94.9854751227577
13,"[125.94687724809994, 132.1335182346]",57.49688405449885,95.0001566725333
14,"[125.96957698399993, 132.1999039079]",57.41998886856286,94.19964051815643
15,"[125.96165086569994, 132.28781466599995]",57.37526558329045,93.36215437409997
16,"[125.93884618499996, 132.33849466049998]",57.321586207846885,92.43353714462744
17,"[125.92379343539994, 132.40420599529998]",57.255025524820894,91.49861512190218
18,"[125.92202412769996, 132.45382949179998]",57.20218666314048,90.6056488932599
19,"[125.91665697949996, 132.50648215229995]",57.16831944812147,89.74309338985975
20,"[125.92182314789997, 132.59685457469993]",57.06686440402206,88.8572757399273
21,"[125.91374581939998, 132.67006286809993]",57.00418403514375,88.89928413608772
22,"[125.93000654459996, 132.73119779129996]",56.92460586251797,88.88740250609662
23,"[125.95381201359996, 132.80918248129998]",56.838727024788604,87.9678701448662
24,"[125.96338319129997, 132.87604178869995]",56.80534786846636,88.01716364933826
25,"[126.00764959089994, 132.94276764889992]",56.764803753656494,87.10182391564543
26,"[126.00482025519996, 133.03372763049995]",56.739702813967796,86.34197195805058
27,"[126.00170715089996, 133.1307849649]",56.69775522679964,86.21721171591264
28,"[126.01046248099998, 133.22357389019996]",56.600085898713935,85.3051668361794
29,"[126.06524876639998, 133.3336124537]",56.52128659899553,84.6933973136823
30,"[126.0283871959, 133.4370911424]",56.44589641247308,84.49788102919557
31,"[126.02464769449998, 133.51304168980002]",56.386924012334475,84.24670238306437
32,"[126.03545841149999, 133.56632160489994]",56.32396924485081,84.22412402598066
33,"[126.01956223619999, 133.66943326039998]",56.22814927028181,84.15069972226803
34,"[126.02888918279996, 133.72451332190002]",56.18472822250436,84.12593644581582
35,"[125.98579841219997, 133.79688458069998]",56.11414878308986,84.04859713352502
36,"[125.95932628649996, 133.86279852410001]",56.05699190084669,83.98852240857059
37,"[125.92868853209995, 133.93678780879998]",55.99223807748997,83.92036023775724
38,"[125.94575206809999, 133.97361888320003]",55.941517259865456,83.91264398146623
39,"[125.93933831179997, 134.06414072020002]",55.85225799758241,83.85451638110577
40,"[125.92108735379999, 134.1447350408]",55.777087791902595,83.79263030180603
41,"[125.90596229569998, 134.2599689109]",55.70633019390526,83.71312071070228
42,"[125.89723560669998, 134.34385835089998]",55.63145772154731,83.6571492528817
43,"[125.8493000277, 134.44399411189997]",55.57080951609319,83.55988331796306
44,"[125.79441995909994, 134.53751091569998]",55.48776404812699,83.46084932236593
45,"[125.78316364359993, 134.63136767989997]",55.41370009292279,83.3971515029213
46,"[125.76881822519994, 134.71780875319996]",55.32076286967902,83.3352976463129
47,"[125.73005193849997, 134.79637411519997]",55.213003315471695,83.25815447007832
48,"[125.69397218399997, 134.8662117379]",55.126883275391954,83.18827804453554
49,"[125.66292585429996, 134.9502956367]",55.0060695591978,83.11427369365352
50,"[125.59569184029995, 135.0631336976]",54.913786106170846,82.9941486543988
51,"[125.54478373409997, 135.16063973789997]",54.82798166837385,82.89624149309923
52,"[125.53513140349997, 135.24069737879998]",54.72659242950453,82.8421242458074
53,"[125.52828751529998, 135.31734262249998]",54.61894447744743,82.79231243222254
54,"[125.465311391, 135.43250036749998]",54.532489218123246,82.67447382455471
55,"[125.42581099429998, 135.55112987569998]",54.42676954832706,82.5738770756818
56,"[125.39527380279998, 135.68625105499993]",54.34023285387682,82.47120811854751
57,"[125.3438325694, 135.79479174379998]",54.237680292800945,82.3667714097074
58,"[125.25794401950002, 135.90218757789995]",54.11488057087459,82.23481146991304
59,"[125.19585563380004, 136.00347203979993]",54.00844214459935,82.12587662784182
60,"[125.10453150200003, 136.08029462219997]",53.88836944079002,82.00701272819599
61,"[125.01091574990001, 136.18592327229996]",53.74379443343034,81.99396135495738
62,"[124.9157014818, 136.28693274989996]",53.613365564980384,81.99757177445454
63,"[124.83632099649999, 136.37960423949994]",53.5141300471201,82.0067357732851
64,"[124.73482870020003, 136.46874399809994]",53.41281934809691,82.92695064424547
65,"[124.64668468210004, 136.61825779999992]",53.30318362633235,82.96284604865723
66,"[124.54128287830004, 136.71565950949997]",53.17995700594257,82.95110113970178
67,"[124.45394580380005, 136.78127188869993]",53.097259575261404,82.93132023725315
68,"[124.33231295900005, 136.88733982469995]",52.99036322124609,82.91398429925923
69,"[124.23408181440006, 136.98869725429992]",52.87251203703288,82.91089394421621
70,"[124.107567302, 137.10225405209997]",52.75932765210391,82.89568058558422
71,"[124.01648808920005, 137.21648222809995]",52.60740711127999,82.65748486755764
72,"[123.89248877460004, 137.30245267249995]",52.46885733811853,82.62413165428563
73,"[123.77213917170006, 137.3867830728]",52.32844111608931,82.59261403878904
74,"[123.65759099890006, 137.44517028339996]",52.229028597570476,82.54800084155887
75,"[123.53328505710004, 137.5214926547]",52.0866756501933,82.50859716371349
76,"[123.40784357700002, 137.61964197580002]",51.9785842663103,82.40883491908897
77,"[123.27212932250002, 137.6806821069]",51.86163460068794,82.35253498065813
78,"[123.11904687750005, 137.73985142600003]",51.75530484456515,83.22917980693589
79,"[122.98522280120007, 137.7784140292]",51.66826643026985,83.15963673873459
80,"[122.85971006020003, 137.806685893]",51.586361160269405,83.0890785679796
81,"[122.69802954980005, 137.86059099680003]",51.468458781419706,83.9573787221542
82,"[122.59484573410005, 137.94077229150002]",51.372419983593375,83.93888030268369
83,"[122.48956803680011, 137.9369005368]",51.344978090437735,83.86055892001852
84,"[122.39459081780005, 137.9683151264]",51.28198684580737,83.81426865643418
85,"[122.31232318980003, 138.0012423588]",51.22763538410787,83.77823536957116
86,"[122.21259045970002, 138.05428976829995]",51.203423428030526,83.74382586654666
87,"[122.12916681180006, 138.12587275189998]",51.13648677879008,83.73417469219413
88,"[122.09619239910003, 138.21434919349997]",51.08561070216479,83.77251655230005
89,"[121.99747136630002, 138.24666566109997]",51.052329434653714,83.72468922331493
90,"[121.92418060870001, 138.35111316799998]",51.01769362501273,83.74569739587537
91,"[121.8297821416, 138.44134898399997]",50.95064771138647,83.7418919637497
92,"[121.77133214400001, 138.52375327319996]",50.91623496869825,83.75830922637127
93,"[121.7063736456, 138.62401158039998]",50.87706503890512,83.78281000856774
94,"[121.66438765729995, 138.69894938719992]",50.80303208292697,83.8058835205149
95,"[121.60106021959999, 138.7778003971999]",50.76052004678675,83.81669441852416
96,"[121.55288029189997, 138.8432434167999]",50.72681438584151,83.82885538140009
97,"[121.53139512809996, 138.91090071539995]",50.68924132779015,83.86152191361238
98,"[121.45242271529997, 139.01859261289997]",50.679130114116404,83.88202057050474
99,"[121.39904588299996, 139.12759370619997]",50.66710436434908,83.92168760381058
100,"[121.32084050819998, 139.24071368199998]",50.62780154638745,83.94697174227856
101,"[121.25193348279996, 139.3346278471]",50.62198411019317,83.96533295746737
102,"[121.15545320259997, 139.45695146199998]",50.619521263913086,83.98476701935164
103,"[121.10006108329998, 139.58261606279996]",50.61313832517134,84.03563046642142
104,"[121.02947053369996, 139.69511550889996]",50.581476589680236,84.06664915857618
105,"[120.91942689439999, 139.79506136489996]",50.54539978111367,84.06134474269689
106,"[120.8552114833, 139.91739002999995]",50.53700435492564,84.705157202922
107,"[120.81620902679997, 140.0469161058]",50.529463276205306,84.82741218688048
108,"[120.73551683239997, 140.17109909439998]",50.492796484814924,84.93825270292108
109,"[120.6415885738, 140.2982611878]",50.4893171419741,85.0502140541664
110,"[120.5692082585, 140.40167302299997]",50.40494110822585,85.1419544886115
111,"[120.50461879360002, 140.4982979851]",50.36248821531623,85.2281931796384
112,"[120.41863622730001, 140.58403519559997]",50.30929364026748,85.30065754190687
113,"[120.3173090732, 140.68765123289998]",50.22436115805617,84.71429471139014
114,"[120.204339339, 140.76015532599996]",50.14613656533424,84.76903924837856
115,"[120.06412260180001, 140.832700092]",50.06692982086454,84.81997810660889
116,"[119.96276428220003, 140.90304575300001]",49.96554184383575,84.87467694341032
117,"[119.84116459800002, 140.93814602729998]",49.85191283361598,84.89171447484901
118,"[119.70899258539997, 141.00095887019998]",49.745069632777295,84.93485030595332
119,"[119.56044756070003, 141.0297169005]",49.59009405060738,84.94218826039369
120,"[119.4179291043, 141.0734859904]",49.45841104513255,84.96550049142523
121,"[119.26733894869999, 141.12502083089998]",49.3311716238957,84.99564664258872
122,"[119.12414871149997, 141.14321989010003]",49.1777166177673,84.9940611270614
123,"[119.003899792, 141.12266079219998]",48.98778159786568,84.95740347549904
124,"[118.82721264740002, 141.13428117910004]",48.849897873963535,84.94528863868545
125,"[118.68507140449996, 141.13334423820004]",48.70466302887984,84.92561259119454
126,"[118.54322378209994, 141.12066596910003]",48.537646633652066,84.89456540219577
127,"[118.38497853639997, 141.0624414177]",48.41011976730709,84.81647782692849
128,"[118.2761835266, 141.04889791879998]",48.23405443907459,84.7892184664361
129,"[118.09195156150001, 141.02917508379997]",48.068058053070125,84.7465479145062
130,"[117.93734450810003, 140.97610750119998]",47.918614791462915,84.67479430612572
131,"[117.7945684654, 140.9097480288]",47.7236780256023,84.59153275454624
132,"[117.67347644030005, 140.8336336231]",47.55688929275871,84.50139153451512
133,"[117.55403039210003, 140.76313619269996]",47.35395331820431,84.41716880327908
134,"[117.4106674777, 140.6913306677]",47.17462395248688,84.32899210621217
135,"[117.2566256085, 140.58535789769996]",46.9656592605148,84.20585786504533
136,"[117.1048414556, 140.44688581639994]",46.7472569612704,84.05092660953716
137,"[116.99485024350003, 140.3400244181]",46.540331576270916,83.93231489727843
138,"[116.85493518209998, 140.20265562959997]",46.33038977071767,83.78017088767135
139,"[116.7760572793, 140.11066660220004]",46.14761474291455,83.68002141330885
140,"[116.65485796719999, 139.9863943749]",45.96146279539457,83.54321725473069
141,"[116.54794843540003, 139.8368122884]",45.8229818369216,83.38292744590446
142,"[116.4307166355, 139.69980837250003]",45.67825967708205,83.23413986524591
143,"[116.3282501752, 139.55698121649996]",45.51198522716326,83.08124448616567
144,"[116.2014243387, 139.38952580270004]",45.29596831554935,82.90140211290435
145,"[116.05227088740001, 139.25832172870003]",45.10980360273773,82.75546489841838
146,"[115.95471059509998, 139.11222040260006]",44.92947070913848,82.600157951526
147,"[115.8443866679, 138.92362239430003]",44.70887447050642,82.40136715053873
148,"[115.73660686449999, 138.79838366440003]",44.54349937176929,82.26597442022688
149,"[115.66474306090002, 138.63836940250008]",44.37016617769748,82.09962442089783
150,"[115.53903427799997, 138.50781945870003]",44.20150303278383,81.95737072178497
151,"[115.43889221419995, 138.3290501794]",44.002285108377656,81.7697363896362
152,"[115.327965575, 138.16713386089998]",43.84043553720078,81.59793304683492
153,"[115.19245070339998, 138.01114165660002]",43.6466498224492,82.35018264036835
154,"[115.11243531679999, 137.83091020450001]",43.43868993249439,82.16296570221186
155,"[114.995797606, 137.65029182519996]",43.24154471022061,81.97186406154238
156,"[114.92103162359997, 137.46623996550002]",43.05119419091684,81.09202683755126
157,"[114.87222046639998, 137.31072163669995]",42.91042283922157,80.9322566917401
158,"[114.85895048329996, 137.13790776159996]",42.75108064289487,80.7590018374669
159,"[114.84699921769996, 137.08781557249998]",42.686195178389205,79.90978663280123
160,"[114.84181713819994, 136.951524375]",42.553683683646604,79.77363501536891
161,"[114.81510045599997, 136.92077226709998]",42.49146644700389,79.74044004225095
162,"[114.81861913439998, 136.85323759789998]",42.43164434361765,79.67356275012713
163,"[114.84425917959997, 136.76556346819999]",42.362924834586074,79.58879041504326
164,"[114.86086289769999, 136.72484686860003]",42.34613682496416,79.54988416016054
165,"[114.86480492620001, 136.7082343923]",42.35595841358847,79.53373540908139
166,"[114.86007588960003, 136.64103709100004]",42.31214446566163,79.46639734842346
167,"[114.88123786010001, 136.57374561580005]",42.26860535664853,79.40149732147921
168,"[114.91967022860001, 136.51383330440004]",42.21757175881326,79.34564960246763
169,"[114.95408580720004, 136.44110946280003]",42.13362562885616,79.27668009444474
170,"[114.94763195150003, 136.35995957730006]",42.07928587320273,79.1952899772903
171,"[114.93563606990001, 136.2917408244]",41.99773205885631,79.12621873081241
172,"[114.93483839209999, 136.20378905970003]",41.89022305560465,79.03862024827276
173,"[114.9204124981, 136.1045954498]",41.83170855515325,79.81987302122869
174,"[114.9392903807, 136.0238714545]",41.773769152100655,79.74126129238732
175,"[114.9220460635, 135.9149933671]",41.675022854675454,79.63124869074485
176,"[114.92427364400001, 135.80323622839998]",41.59873632741441,79.52018829211205
177,"[114.92460247499999, 135.7221547538]",41.52098968326978,79.43949308455439
178,"[114.93904984969997, 135.62506336729996]",41.44135317453681,79.34418346488285
179,"[114.93679814929993, 135.52644631119998]",41.38220262873947,79.24579090610955
180,"[114.92307647399997, 135.42078274199994]",41.280993398323496,79.13930554497915
181,"[114.88307679159999, 135.30377861409997]",41.167055662889325,79.01906691179587
182,"[114.84714620699997, 135.19000246749994]",41.06859086482789,78.90243208668993
183,"[114.835273652, 135.09175091709997]",40.992294715126235,78.1229311210109
184,"[114.86787892749999, 134.97272469099994]",40.91182730674174,78.05819874802194
185,"[114.9042603352, 134.84525351259992]",40.82146900509035,77.99003127663785
186,"[114.88322160059992, 134.62306677050003]",40.651271761750415,77.8137017099482
187,"[114.88466493699997, 134.3693097448]",40.48690683146129,77.63011029323941
188,"[114.87504362439996, 134.13322912859996]",40.35145492003493,77.45211427785965
189,"[114.85488385239998, 133.85496117529993]",40.164327973906055,77.2366251135839
190,"[114.8237429286999, 133.63495930309995]",39.994252596895116,77.0560341377694
191,"[114.79119098809993, 133.36698651909992]",39.85859973889607,76.84008738010009
192,"[114.81541845259993, 133.15070589579997]",39.70933569671025,76.70110798861236
193,"[114.80607023249993, 132.94170468459993]",39.54667360827281,76.54435753925597
194,"[114.82835222839996, 132.77147580369993]",39.43303631244612,76.43770695874159
195,"[114.8939686458, 132.53517594049998]",39.277015874489194,76.31429705669179
196,"[114.94165029519996, 132.30439544149993]",39.17954803138686,76.18284253132921
197,"[114.93664178709997, 132.12100733719993]",39.017328677928965,76.04862046336608
198,"[114.92112568249995, 131.97098661469997]",38.89531213140594,75.93094651542867
199,"[114.90973461239993, 131.79932947309996]",38.80016850094431,75.8009242844017
200,"[114.9072735338, 131.600953255]",38.66162997408715,75.65842040273813
201,"[114.85548921249996, 131.4634524771]",38.52910105099715,75.52444041122534
202,"[114.84355908369997, 131.2945000913]",38.37673018941517,74.84124264815576
203,"[114.87958127129995, 131.07951643770002]",38.25586953747935,75.7032062752602
204,"[114.90589780689996, 130.90124776949997]",38.16543223195656,75.59748542741035
205,"[114.86941399549998, 130.69320019679998]",38.03739479313525,75.42624873645921
206,"[114.85531417219998, 130.52282236890002]",37.93482736735472,75.29750075261042
207,"[114.89028444959999, 130.33677285320005]",37.86411094485862,75.19334705204486
208,"[114.88144202569993, 130.1628255873]",37.76121865865852,75.06632045102513
209,"[114.86997173139997, 130.05048417060001]",37.72126333488754,74.98022687099659
210,"[114.84814116069998, 129.8998861551]",37.662125809678955,74.86026429458845
211,"[114.82889707659997, 129.76547264779998]",37.600903758775786,74.34974538131546
212,"[114.80840410079996, 129.66407234130003]",37.58362800079229,74.01754934492703
213,"[114.74154232799998, 129.60111915580003]",37.55697070354715,73.92576078199004
214,"[114.70488469489997, 129.5294372916]",37.53689739881876,73.84911784061995
215,"[114.64495659389996, 129.4816252481]",37.53211992705806,73.7729454487607
216,"[114.6149887047, 129.41688468939998]",37.50703303278256,73.7059466412696
217,"[114.57681105419996, 129.3573398535]",37.49149287598354,73.63683213756822
218,"[114.54519717359997, 129.2790172798]",37.487040285840465,73.55907484733177
219,"[114.49847228289997, 129.1830108971]",37.46571657791514,73.45814303853466
220,"[114.51867912389999, 129.097593603]",37.44725396471736,73.41207606827176
221,"[114.53474614330001, 128.9963649665]",37.38255821667937,73.35199552524692
222,"[114.53511298080001, 128.93771182279997]",37.35179553602499,73.31088583638031
223,"[114.52166046109998, 128.8109565365]",37.29496678115587,72.90781061909958
224,"[114.53929547079998, 128.7219598033]",37.255066580309126,72.85670148127073
225,"[114.57726805829998, 128.6630093138]",37.18980534271643,72.84134431284242
226,"[114.6185770381, 128.5709896483]",37.13973016098385,72.8048715450017
227,"[114.65457402199999, 128.4994113452]",37.07636458934445,73.13778247929595
228,"[114.71026843620002, 128.37700741289999]",37.03451145157421,73.09172403650732
229,"[114.7371923685, 128.3489861355]",37.00464252952191,73.09133462823274
230,"[114.7326799776, 128.33482968979996]",37.022155981341704,73.07820443714509
231,"[114.7271609573, 128.33649129909998]",37.045446306299226,73.07542481258696
232,"[114.70070959720005, 128.32202291349998]",37.0472117049574,73.0464053942717
233,"[114.71119679780004, 128.31080734939997]",37.033993652050206,73.04604742493926
234,"[114.70194328680005, 128.29418722879996]",37.03169303716326,73.02780703153509
235,"[114.65396009220001, 128.31835873489996]",37.05193782457835,73.01045702001116
236,"[114.65171398830002, 128.30912928299998]",37.03549697262183,73.00239110663006
237,"[114.63966832180003, 128.30799525209997]",37.035661989915425,72.99299700591375
238,"[114.62000238600004, 128.30937990459998]",37.037539230173664,72.97992820186053
239,"[114.66321529300005, 128.30597011319998]",37.03291247907107,73.00839175987889
240,"[114.69163806170002, 128.26571687459997]",37.010866844613496,73.00052495954272
241,"[114.69369939860006, 128.21576289260003]",37.012456379509075,72.96706065999355
242,"[114.73602132590003, 128.0965239179]",36.964756293797905,72.91403401528684
243,"[114.77897514290005, 128.0147475575]",36.93070346752178,72.88775625300288
244,"[114.83133697710002, 127.93812513970005]",36.929753390256494,72.87192729809219
245,"[114.9111532324, 127.87114819509999]",36.89046065580249,72.88265071286257
246,"[114.90351764800002, 127.75023330849996]",36.79187446967279,72.79313700281722
247,"[114.9677510404, 127.56578209489997]",36.67349518648835,72.7114699456498
248,"[115.02165760150001, 127.40562753409996]",36.6235488531707,72.63956358611478
249,"[115.10978390780005, 127.27201139169998]",36.55805111798948,72.61106157923913
250,"[115.1832041959, 127.16405263649996]",36.51965428961525,72.58988983307708
251,"[115.22015594370005, 127.08471707339997]",36.501187040426,72.56212967639992
252,"[115.25445783840004, 127.02366910009998]",36.46743942874022,72.54509780907921
253,"[115.27130823670007, 126.99304075049997]",36.46318488597346,72.53631554397973
254,"[115.26823990770005, 126.96063661599993]",36.45900622989756,71.65741652825648
255,"[115.27250566110004, 126.94362224809994]",36.44827750839629,71.64895441979935
256,"[115.28494101550004, 126.93617590219993]",36.46683165000758,71.65299335458128
257,"[115.25266812640002, 126.95481465869993]",36.45723662703517,71.64204939256291
258,"[115.28336295010001, 126.96357914379995]",36.450000880192874,71.67049482836237
259,"[115.27385683360001, 126.96371611709992]",36.41364326762364,71.66362679466059
260,"[115.2724954365, 126.95330386819991]",36.40509418773726,71.65553927417194
261,"[115.26544550610002, 126.92951258189993]",36.42433376821184,71.63417684483049
262,"[115.27154890460002, 126.91943714459993]",36.40873860409561,71.63178864739356
263,"[115.27218361880003, 126.91238959539994]",36.387764901502315,71.62745654838675
264,"[115.29728131639999, 126.89064508219994]",36.3438128683263,71.63105076224056
265,"[115.3191097911, 126.85353609209993]",36.28579905929415,71.62181625640432
266,"[115.32191687379998, 126.78197844589994]",36.22554389531673,71.57524502113105
267,"[115.35219477799997, 126.67743723639992]",36.15705738035809,71.52651349152471
268,"[115.3637826454, 126.61046776069993]",36.114300703702064,71.48962383914613
269,"[115.35951264819998, 126.57913133479995]",36.11411955344784,71.51635058789813
270,"[115.35581106939998, 126.57109951089993]",36.11326756687795,71.50813969173845
271,"[115.35280488329998, 126.57021175189993]",36.125432410579414,71.50534672138077
272,"[115.35003413769995, 126.55789579529991]",36.12578217433314,71.4948656801687
273,"[115.35234082769995, 126.56762611809991]",36.12667978751546,71.50323166126662
274,"[115.34897181589997, 126.56570120809992]",36.094126913243386,71.49946202135558
275,"[115.36840859379996, 126.57052068039994]",36.0922145278039,71.5168879248475
276,"[115.33829080309997, 126.58691197939996]",36.10105877304489,71.50629822752113
277,"[115.38166421969996, 126.60507802259995]",36.113520134322926,71.55027631948325
278,"[115.3867806447, 126.60235782069996]",36.092681582518715,71.55211980447697
279,"[115.4036628054, 126.58818276079995]",36.09452837499962,71.5546308523901
280,"[115.4420215793, 126.55298872179993]",36.11798635296719,71.55830978973736
281,"[115.4253233854, 126.55110706279994]",36.13614309538193,71.5448834708321
282,"[115.4232849188, 126.52571096919993]",36.167286332753335,71.52595549882285
283,"[115.43155761189999, 126.51862690759994]",36.17257649082086,71.5271025345973
284,"[115.4461147081, 126.51940353459995]",36.1589774755868,71.53821750200221
285,"[115.48088401110003, 126.49131876219995]",36.17586029833199,71.5442212411346
286,"[115.45424605150005, 126.49928357099996]",36.19302144715597,71.53031526391823
287,"[115.43452318090003, 126.47285136779996]",36.19611641485375,71.49782881596104
288,"[115.43664225730005, 126.46307847079997]",36.20376146114564,71.49266194079077
289,"[115.43488218920004, 126.46766956459999]",36.18793739552735,71.49453307080334
290,"[115.46107513560003, 126.43652477389998]",36.20107447093977,71.49221576210498
291,"[115.45224247720002, 126.44382569449999]",36.20083866102424,71.49079801275509
292,"[115.47474929890002, 126.4311048049]",36.19427644350545,71.49844875021593
293,"[115.45817304110001, 126.4344170695]",36.197195548819636,71.4886582926584
294,"[115.46929067800002, 126.4308352155]",36.21897041489554,71.4942914037834
295,"[115.48613358690001, 126.4319887624]",36.23755333473955,71.5073403353099
296,"[115.49606089850003, 126.4573795161]",36.24255123702837,71.5319786878052
297,"[115.51570178620004, 126.4796300403]",36.22912809044071,70.56173067341686
298,"[115.50550567930003, 126.49956368459999]",36.23148663095605,70.56799309449647
299,"[115.49540921620002, 126.5078173271]",36.233139670929575,70.56631604273889
300,"[115.48903853350002, 126.484437325]",36.21371806742624,70.54563502823126
301,"[115.47904458570002, 126.484089463]",36.21442648639842,70.5381281678081
302,"[115.48247748080001, 126.45663274199998]",36.19608946339909,70.52178168209447
303,"[115.4729804257, 126.4611415924]",36.17889926722356,69.83473294072742
304,"[115.44909992800004, 126.45678558220001]",36.22388111275602,69.81423902906782
305,"[115.44932660250002, 126.45812007330001]",36.22609392258514,69.81531134924937
306,"[115.44796256420003, 126.49807208680001]",36.217035354796465,69.8414364264506
307,"[115.47787930550004, 126.47839517929998]",36.22552086948731,69.85004103826505
308,"[115.47456079500002, 126.44979340179998]",36.222368713488756,69.82819255874256
309,"[115.47404523780004, 126.47069833609997]",36.22904604265743,69.84200116458229
310,"[115.46695353790003, 126.46905518429998]",36.230040488210975,69.83567798501113
311,"[115.47228551660004, 126.47174090649997]",36.24051379516604,69.8414165209296
312,"[115.45726386870001, 126.4449641726]",36.2460200538022,69.8122108970814
313,"[115.4768004899, 126.41617945799999]",36.230290082086604,69.80703307798379
314,"[115.43710595490002, 126.38629442909998]",36.22086034919581,69.7575952715421
315,"[115.40137397570004, 126.3313599735]",36.18604281320801,69.6940786747006
316,"[115.39756659840003, 126.2656496729]",36.124788626343836,69.64673224103954
317,"[115.34573917560004, 126.15894753269998]",36.03265333026773,69.53632315593575
318,"[115.3133979808, 126.0398214613]",35.966638838699254,69.4318820014911
319,"[115.25616786549998, 125.8805087492]",35.87183524157564,69.28200035461187
320,"[115.18059643920002, 125.73368471780003]",35.76848454446952,69.12710502488072
321,"[115.16709110760004, 125.61288360750007]",35.71780269676569,69.03563571864215
322,"[115.1596646822, 125.51315784400005]",35.65140156401158,68.96294619141283
323,"[115.11191172250001, 125.43263380850003]",35.58679937684721,68.87342010717907
324,"[115.10418758500003, 125.43468440470004]",35.59233001782366,68.86908930893638
325,"[115.0776353507, 125.37793287170005]",35.520989254768025,68.81125133126864
326,"[115.08811421639999, 125.35222579580004]",35.51512349821803,68.80170513732214
327,"[115.0731091959, 125.31832443380006]",35.48347886923569,68.76779797168686
328,"[115.08017088130003, 125.32431133770005]",35.44786744950421,68.77705046237347
329,"[115.06578192340001, 125.33692416040003]",35.429474639333236,68.77488804492755
330,"[115.08468681189997, 125.27554765580007]",35.397599348599954,68.74760601079505
331,"[115.09132037379997, 125.20504077120006]",35.360860973888514,68.70514908449216
332,"[115.13657304349995, 125.13918213440009]",35.32006773892354,68.6944979566146
333,"[115.19068778189998, 125.08862900340007]",35.25976451675993,68.70077071335855
334,"[115.22507112030002, 124.96776842340009]",35.199764195595634,68.64542734813354
335,"[115.31875211420001, 124.9066991496001]",35.09539912233804,68.67433369622186
336,"[115.313624574, 124.80979972070008]",35.04875684892351,68.6058692718028
337,"[115.33425959679998, 124.74418902990006]",34.9865956444666,68.57753013005146
338,"[115.37243838969997, 124.73471989130009]",34.95599801304705,68.59970753766959
339,"[115.36765418929997, 124.72431071390007]",34.951170699202564,68.58920808926963
340,"[115.36191268509997, 124.71315127400007]",34.93628013223865,68.57749513082861
341,"[115.37559420429994, 124.72396429550004]",34.89737244714996,68.59490288710457
342,"[115.43070249849998, 124.67359820270003]",34.901418727291905,68.60254582020264
343,"[115.43634831480001, 124.65763527330002]",34.90411501701979,68.596152882444
344,"[115.46489619239996, 124.58126398910004]",34.897743523322234,68.56676608577537
345,"[115.47648675379997, 124.4953817411]",34.85240749044537,68.5184633246575
346,"[115.55362820389995, 124.3084791594]",34.75011297805323,68.45255790640869
347,"[115.61687557599998, 124.14871746350003]",34.66959812503984,68.39462191121714
348,"[115.61346519619998, 123.97789503370004]",34.55675109297587,68.27957590063316
349,"[115.646646418, 123.78090446000004]",34.476818305510875,68.52199379843373
350,"[115.65877196129999, 123.64605160160005]",34.40049807842458,68.43202512740044
351,"[115.66643304759998, 123.46119463710002]",34.297974313660546,68.5527559723038
352,"[115.62705334879996, 123.29342732770004]",34.169802927174636,68.4050595736848
353,"[115.60892093699998, 123.0889005222]",34.033736726434014,68.24604492717383
354,"[115.58799692919997, 122.89638772230006]",33.913314235448674,68.09389558590271
355,"[115.6078096951, 122.73663374480002]",33.814141364432516,67.99388299316361
356,"[115.5678125943, 122.51596049609999]",33.68412729195806,67.80873331580406
357,"[115.55734656779998, 122.31962682430004]",33.568882623470266,67.66189902942347
358,"[115.53845338579993, 122.07936922430007]",33.43978813621285,67.61076384193146
359,"[115.51099004319994, 121.85379324060004]",33.309583776142105,67.4464466643413
360,"[115.54953272929998, 121.64432633650003]",33.23680040306222,67.34385042645692
361,"[115.57617135559998, 121.48657456100001]",33.183986279748126,67.26507057111338
362,"[115.60755972440002, 121.33302288470003]",33.0873765386874,67.19291329483093
363,"[115.6413900767, 121.208298344]",33.028567134600124,67.14100955565624
364,"[115.68594154289998, 121.1121601169]",32.993861373049086,67.11555813076728
365,"[115.68535462329999, 120.97819114469999]",32.92284343209869,67.03138528057568
366,"[115.68520106610002, 120.8394349446]",32.8453683887804,66.94473106700265
367,"[115.7614012874, 120.69967045589999]",32.753021301899246,66.91744513786426
368,"[115.81611820170001, 120.5741577544]",32.65677136567281,66.88249091408521
369,"[115.8748805807, 120.47798817779999]",32.58044799532339,66.86911827382355
370,"[115.92538711510002, 120.34671234359998]",32.4731201824231,66.82777937069096
371,"[115.96328504800002, 120.27254498949998]",32.40715300845408,66.81192082705086
372,"[116.01051529780005, 120.17365340859999]",32.33257147294598,66.78832700181094
373,"[116.08858126070001, 120.10933239310002]",32.256445063515834,66.81046227085135
374,"[116.12773196320002, 120.02027102919999]",32.2020307628812,66.78682680160485
375,"[116.18245670980002, 119.90017162489998]",32.09873145961447,66.75669384613373
376,"[116.22369598370001, 119.82905283309996]",32.04901002385644,66.74596778625293
377,"[116.30051416420005, 119.71169228529997]",31.928257230944432,66.73544347377292
378,"[116.40077076960004, 119.59537403579998]",31.780602258013356,66.74448306814332
379,"[116.49443612840001, 119.45326836190003]",31.62544314767347,66.7330394751834
380,"[116.57937244269999, 119.30841983690004]",31.50308980655406,66.5366634233184
381,"[116.67465850119999, 119.13453947759999]",31.329944028531248,66.4878270807608
382,"[116.74096999449999, 118.98425073249999]",31.20602338781453,66.43428319060537
383,"[116.80586671119998, 118.86287697889999]",31.083015918143992,66.39964872324724
384,"[116.8972394941, 118.78849544269998]",30.986201520894674,66.41656161490495
385,"[116.91381062880001, 118.71489552930001]",30.935940310711498,66.37903163769111
386,"[116.96437295540004, 118.68216257680002]",30.88561810275764,66.39422887288299
387,"[116.9726906589, 118.65404260460002]",30.857993098936483,66.38139540488815
388,"[116.9881040046, 118.63410172220003]",30.8152334370106,66.3793273538836
389,"[117.0261465196, 118.62180993770004]",30.807444296457984,66.3991418863942
390,"[117.0065733633, 118.61258855500002]",30.82296089577629,66.37846674410953
391,"[117.01923358009999, 118.6012767542]",30.828343520053348,66.38019808466828
392,"[117.0276481918, 118.5603167656]",30.77697738299197,66.35882786439853
393,"[117.03014110320002, 118.46335026570009]",30.74791403451518,66.29541668404033
394,"[117.01272107250004, 118.37009406820002]",30.67645235953075,66.04539633490704
395,"[117.05182315250003, 118.19378049570003]",30.59811645421074,65.95842357721739
396,"[117.04195196000002, 117.99932813110007]",30.466138593501952,65.82300100777437
397,"[117.1034231611, 117.83202437539998]",30.415734267894045,65.75954431440357
398,"[117.13907654579998, 117.64978175229999]",30.322702783711993,65.66720603682495
399,"[117.1576361939, 117.45056656149998]",30.241438036211267,65.55123719493031
400,"[117.23179416669998, 117.22301647349997]",30.176543827069235,65.4595429024507
401,"[117.31622173760003, 116.96642183879996]",30.085390594577834,65.35765530532122
402,"[117.36927342050004, 116.73297717619997]",30.00671797958686,65.24761126204373
403,"[117.33901466000002, 116.50256658389999]",29.904568970109082,65.07630748188649
404,"[117.34121556950004, 116.35105595379999]",29.849024902784727,65.82449318613747
405,"[117.33556976700001, 116.21796608730001]",29.817172971373804,65.74425734266286
406,"[117.3627745371, 116.15318725059998]",29.791184503159126,65.72994863960369
407,"[117.36433428439997, 116.12354624480002]",29.78375373823433,65.71444945330694
408,"[117.36380924419998, 116.13142565319998]",29.775486116138513,65.7184776064765
409,"[117.34495448139998, 116.1309399804]",29.781059227166125,65.70266198120244
410,"[117.3109209132, 116.1204059883]",29.775693019900032,65.66864730044861
411,"[117.30160301409997, 116.09904684970003]",29.795762573077305,65.64887062999139
412,"[117.27824565559996, 116.10284743239998]",29.84142871621154,65.15140223815855
413,"[117.2553782056, 116.09237273399998]",29.85048861812386,65.12668454348831
414,"[117.272868136, 116.02866214859998]",29.828948244958283,65.10419481183915
415,"[117.26158762600002, 115.97468564969999]",29.84113088905913,65.06385768650927
416,"[117.2369938488, 115.87589655049996]",29.83711775835338,64.98685932623096
417,"[117.2040338355, 115.81645893629998]",29.826082214141902,64.92570575587439
418,"[117.18271536379999, 115.75595325679998]",29.810996408261477,64.8734791001427
419,"[117.18842338269998, 115.75347518079998]",29.807516960322673,64.87672682218302
420,"[117.241831366, 115.61188212179997]",29.728142622999602,64.83924964997975
421,"[117.2357349488, 115.55434420619993]",29.702439076435194,64.801313863998
422,"[117.2613478161, 115.43162148389996]",29.640625857539302,64.75220505542573
423,"[117.30587640939999, 115.33185817239995]",29.586717526774226,64.731923751286
424,"[117.31818253819996, 115.20823549399992]",29.5591187699495,64.67174845608181
425,"[117.37825826139995, 115.07802734199996]",29.472766136487294,64.64739570147397
426,"[117.45272238259993, 114.97500272269994]",29.37671613427503,64.65057279917555
427,"[117.48400057789993, 114.85524238779992]",29.290994613137087,64.60888591637487
428,"[117.50300981119997, 114.78091192759993]",29.239750117088466,64.58278426774775
429,"[117.50777771159997, 114.76843571619993]",29.221099085288646,65.09117887956107
430,"[117.5126766581, 114.7812503128999]",29.1986149707564,65.10232789282686
431,"[117.49268023619997, 114.69213872759988]",29.172086064044716,65.85079730140357
432,"[117.47495695889998, 114.6648837165999]",29.160140911546605,65.82111940883469
433,"[117.43903936839997, 114.64295917009991]",29.16198490782606,65.77905274576769
434,"[117.42110498339997, 114.63605603199993]",29.194946053856015,65.76024273332511
435,"[117.38982926979998, 114.63901638129994]",29.21646012767337,65.73558291831256
436,"[117.40598189619996, 114.64256249179995]",29.19781341109891,65.75107294627398
437,"[117.36721887289995, 114.64146373489997]",29.220247453533645,65.71792584757654
438,"[117.34718528519997, 114.64230841999998]",29.228376018441764,65.70156450964454
439,"[117.32380636919997, 114.60769992269998]",29.214198392291014,65.6631366162545
440,"[117.35899068549999, 114.56227411049997]",29.211733882664852,65.6680358750227
441,"[117.3566979788, 114.56505102929994]",29.2081212291527,65.66761576660876
442,"[117.38348973319998, 114.51573511109997]",29.21605384611529,65.66339993208213
443,"[117.39116312490003, 114.46578620569993]",29.1828945444209,65.64281055730952
444,"[117.42000485659999, 114.40506973719995]",29.156472481920254,65.6342471576889
445,"[117.45070342100001, 114.24218346489992]",29.11204843378101,65.5722656700263
446,"[117.4887120429, 114.07998692259994]",29.083806656233925,65.51718492276365
447,"[117.5183334722, 113.89245219099993]",29.034572560830615,65.44185817433909
448,"[117.52401653400003, 113.74454778099992]",29.010765063352896,65.36781088314595
449,"[117.54794053239998, 113.51971765269995]",28.931821619144795,65.2686976753675
450,"[117.5783893655, 113.33739823999997]",28.866030822765413,65.19817607984537
451,"[117.5621689149, 113.21463146269998]",28.82337646138119,65.11971120676202
452,"[117.54142132629998, 113.13519445349998]",28.771087660357786,65.06029240227957
453,"[117.50566532289999, 113.10396311509997]",28.758982222709232,65.01346008593015
454,"[117.5003286099, 113.05254933199994]",28.755526381504588,64.98192089508689
455,"[117.49262829349999, 113.0140326942]",28.753709390135246,64.95515790425974
456,"[117.44969536709999, 112.98874514739997]",28.779878152833177,64.90534100063809
457,"[117.4003145663, 112.89552144679999]",28.812603717377684,64.81442583610517
458,"[117.37012837139997, 112.80951350149995]",28.871076091777613,64.743688780408
459,"[117.3176591189, 112.6719381339]",28.919595093012198,64.62707692841519
460,"[117.3205044526, 112.54113734069999]",28.866880284804047,64.56134798958965
461,"[117.29198436319997, 112.40069752359999]",28.851056150592125,64.464003366001
462,"[117.24646726610001, 112.22762399469997]",28.864321074564568,63.3793591407411
463,"[117.18053755330004, 112.02998836340001]",28.89927359962703,63.221469229834796
464,"[117.15976896420003, 111.81596063539999]",28.8914078691174,63.09438482152501
465,"[117.14998188630001, 111.63723891539999]",28.853181322058425,62.9951420974516
466,"[117.12597929099996, 111.46186082769997]",28.85754720191584,61.97202827179074
467,"[117.09618085689999, 111.33405685639998]",28.880361129264152,61.88244161617976
468,"[117.06032275599999, 111.2634149467]",28.913253602962257,61.81617033781648
469,"[117.05865027969998, 111.1722994523]",28.901212328651294,61.76942812624127
470,"[117.06552919119999, 111.19446038120003]",28.93975587178998,61.78640461688678
471,"[117.05764330759996, 111.19313699509999]",28.967505293602148,61.77890316265835
472,"[117.04351679379997, 111.2230445261]",28.977711123433274,61.78150950680233
473,"[116.99842548879998, 111.1914459548]",28.9721337495667,61.726675790235994
474,"[116.99175493429998, 111.17747898399999]",28.966091962192714,61.713944661307714
475,"[116.98871530039997, 111.13255214259999]",28.96014189944369,61.6889874630531
476,"[116.96560370089999, 111.03721753109998]",28.959836767844465,61.621631201675996
477,"[117.0045082389, 110.88869104729994]",28.904729653284118,61.58200396705125
478,"[117.09318724549999, 110.70937793849994]",28.905095879950867,61.57098145517247
479,"[117.10321460189998, 110.69292371999998]",28.924567498016344,61.5716496111736
480,"[117.05518010179999, 110.65209755599999]",28.86493248674434,61.50976862824078
481,"[117.038660726, 110.6401355174]",28.836279413669313,61.48950653067081
482,"[117.0457362924, 110.63652606260001]",28.83271766373719,62.18902295624283
483,"[117.03952962419999, 110.66016330619999]",28.886042027275213,62.189113467061624
484,"[117.00936462199998, 110.6463986892]",28.93926379531693,62.156420158678124
485,"[116.9740767695, 110.57107678]",28.96175780564426,62.1029493230083
486,"[116.96109329970001, 110.51013857759999]",28.99573431801787,62.074785019871065
487,"[116.9186835811, 110.46368203779998]",29.01429049657484,62.021912100964606
488,"[116.8537190357, 110.35172799879997]",29.049057302089018,61.930589384229194
489,"[116.78036141929996, 110.25762739180003]",29.09282759729573,61.835790659311506
490,"[116.7628135823, 110.12790477390001]",29.124545064338434,61.78614959858172
491,"[116.7084520784, 109.99012807180004]",29.15495651819267,61.109220602311524
492,"[116.67493818800001, 109.82558950100002]",29.179537702910757,61.034008210438635
493,"[116.6491618883, 109.65890374750005]",29.203405848882348,60.966092035179486
494,"[116.61868646659997, 109.58545790330001]",29.252015913808922,60.91780886703972
495,"[116.584889529, 109.49298988850005]",29.29053638010107,60.861534739831484
496,"[116.56762061069998, 109.46931457370003]",29.299204750070192,60.83881112711697
497,"[116.5347342744, 109.42843549140001]",29.325268680584987,60.79662011521133
498,"[116.53994758279994, 109.41204536860003]",29.361633121551737,60.79750623191735
499,"[116.53377778519994, 109.40055253200002]",29.358814600772938,60.78862551944166
500,"[116.51928104569996, 109.42038988810002]",29.354111751186934,60.77963122581057
501,"[116.52481529839999, 109.43993559840001]",29.363287742997976,60.458578765070634
502,"[116.54711123959999, 109.42246530940001]",29.36408850402786,60.46979862725182
503,"[116.58613985009997, 109.41179248840004]",29.36634472327697,60.49897648055944
504,"[116.60739751109999, 109.39518885570001]",29.35703493223155,60.50972110940672
505,"[116.6007341874, 109.37372270409998]",29.327679275101012,59.869016736501685
506,"[116.68004201950002, 109.3197175462]",29.382130587296828,59.932402885458764
507,"[116.72863385060002, 109.25259095689998]",29.37435121014687,59.96287078410297
508,"[116.83392643769999, 109.13177019689999]",29.395149759474457,60.0352499519361
509,"[116.87761027810002, 108.94440860560002]",29.3576884991839,60.03209712266272
510,"[116.88109887929998, 108.71968335209998]",29.306546269477035,59.981624876088304
511,"[116.85504716690001, 108.6453864569]",29.252548146441242,59.93868257435352
512,"[116.87611651450001, 108.6215445574]",29.25895884329014,59.95351279540433
513,"[116.87637491850002, 108.5887940726]",29.244150274865845,59.94603115943625
514,"[116.8663730227, 108.58828610739998]",29.237258331927872,59.45312580165369
515,"[116.87626188900002, 108.58772892830001]",29.244192884203702,59.4615833211213
516,"[116.90319161720001, 108.600149345]",29.247454589751005,59.49118791790624
517,"[116.92101573130002, 108.5957283133]",29.21479550508063,59.504823031630885
518,"[116.89622712339998, 108.5852277933]",29.21056384811527,59.47801137660179
519,"[116.85095807789997, 108.5772109226]",29.262030591180732,59.434309673030555
520,"[116.81690193949994, 108.59784920600003]",29.285067429456813,59.4140204270515
521,"[116.78960726089997, 108.59736610440001]",29.321532887383356,59.38973192691625
522,"[116.74273734059996, 108.56629959180002]",29.369725673003483,59.333746716551836
523,"[116.70542221209995, 108.50199702690001]",29.426238426251217,59.27050341843262
524,"[116.68096128399996, 108.41385233120002]",29.405228943302905,59.20740079407347
525,"[116.65219705419995, 108.32733003560001]",29.469067196635272,59.489829189528116
526,"[116.57584795220001, 108.19557883689998]",29.549347216634622,59.38442515538219
527,"[116.52761802219995, 108.07634788359998]",29.604448402687762,59.30949532151814
528,"[116.47354859969995, 108.02198121589996]",29.639325917268533,59.2442009074874
529,"[116.44022117029995, 107.98966668689998]",29.667510837192644,59.20424733647791
530,"[116.44387574619995, 107.98571991719999]",29.6733971331045,59.20688004740109
531,"[116.44114234199996, 107.98500898479998]",29.692289304939994,59.20405621095022
532,"[116.43640798579995, 107.9916434251]",29.71271528391098,59.20100086954863
533,"[116.42090563599993, 108.008176603]",29.706810941444346,59.18978947909389
534,"[116.40677683039992, 108.0400173025]",29.710417032944743,59.18350501259754
535,"[116.43333906489993, 108.03935027749999]",29.71560873537368,59.20917184503789
536,"[116.44949033949992, 108.05311772719999]",29.733213838246414,59.228099110852185
537,"[116.46191182129995, 108.03811136329999]",29.776791233848684,59.236660264847046
538,"[116.50203700819993, 108.03282293789998]",29.774617362910277,59.27443457447835
539,"[116.54709447349997, 107.9389852762]",29.82002386345495,59.296387276074874
540,"[116.59541922279998, 107.83464216229999]",29.827745297753726,59.31927332065731
541,"[116.65873005059996, 107.66300168369995]",29.811676269062076,59.34162745786918
542,"[116.7321024221, 107.5154970745]",29.805658610625613,59.3797609983849
543,"[116.7714108396, 107.30038663580002]",29.718213122497655,59.37012807705151
544,"[116.8380660009, 107.05957132629999]",29.688571497242155,59.382407414011716
545,"[116.88593498470001, 106.79992859439999]",29.68369494806469,59.37337298111731
546,"[116.956085213, 106.56274097789999]",29.6856832859524,59.391984481221215
547,"[117.04081642499999, 106.32559936430002]",29.694184305441514,59.425902037730125
548,"[117.07555858500005, 106.17932965839996]",29.67048240065808,59.43018563959905
549,"[117.0967997691, 106.02282057429997]",29.666705389085323,59.41957687300208
550,"[117.13840557340001, 105.91782988000001]",29.63337595046218,59.43951139967903
551,"[117.18060967129999, 105.8540335606]",29.627096913499468,59.46831891098773
552,"[117.20353000109998, 105.8347885586]",29.650654173708354,59.5088858153606
553,"[117.21311533850002, 105.8380230538]",29.656194529020382,59.51892808054308
554,"[117.22868876189999, 105.82252509510003]",29.636605964483614,59.52628542862265
555,"[117.24082847990003, 105.80633654600004]",29.644538634353918,59.53025413150997
556,"[117.21598092800001, 105.80301341550003]",29.63477624258345,59.50640307942412
557,"[117.24541546120003, 105.80362143290003]",29.642387666943108,59.53322203280049
558,"[117.25701247150002, 105.79991508180002]",29.623937789727705,59.54208827267036
559,"[117.26235783890003, 105.79559990100002]",29.620035338691537,59.54505191507738
560,"[117.26825873210001, 105.77914977150003]",29.62587863651674,59.5432902672654
561,"[117.28332651200002, 105.77489627220004]",29.611763832454002,59.555058036946
562,"[117.26522305270002, 105.77351956180001]",29.612950814056965,59.53812586381507
563,"[117.24367618700003, 105.74101538530003]",29.62787175465527,59.508083039128714
564,"[117.2172896714, 105.69904251400004]",29.67015064480087,59.47405100785189
565,"[117.21213604710002, 105.63635838990001]",29.668143017176412,59.45687683570217
566,"[117.19789671740001, 105.52949563330002]",29.655346693360535,59.422387648349904
567,"[117.17736377150003, 105.35757596990001]",29.64900444793113,59.36960319142728
568,"[117.16307834630003, 105.16089155120002]",29.647318257908818,59.31882341632076
569,"[117.1239037431, 104.96393427720002]",29.67795775702431,59.24413366164473
570,"[117.06777343259999, 104.7329670476]",29.682227117821483,59.14726758562468
571,"[117.01789515570005, 104.519415412]",29.731348900543182,59.060403685602274
572,"[116.98669403440003, 104.37470533490001]",29.75987369967462,59.004491293090624
573,"[117.00528717230004, 104.28721330639999]",29.752978458255082,59.00774370135155
574,"[116.99424172310005, 104.23908841189997]",29.745927644033774,58.98862977608934
575,"[117.02477525990004, 104.15856172119999]",29.74530645423488,59.00503337860843
576,"[117.04928610430005, 104.14605095799998]",29.72865203398591,58.894499693553946
577,"[117.04508223010005, 104.14857878719997]",29.724791810091524,58.891765966531764
578,"[117.06767836700004, 104.14063690979998]",29.727085549815357,58.908857622967325
579,"[117.08278310620003, 104.13967495909998]",29.72982645068094,58.92212866705469
580,"[117.05762734059999, 104.17144780099997]",29.71551109944266,58.91283326363587
581,"[117.0478420737, 104.17199118489998]",29.742922730484207,58.90420507964492
582,"[117.03295045879999, 104.18797621639999]",29.746437404143222,58.89751642458737
583,"[117.01269607590001, 104.16983604739997]",29.71854174040017,58.87147279903882
584,"[117.02575662090001, 104.16419818509996]",29.723008211981938,58.880900804317285
585,"[117.01495340780001, 104.17799486559996]",29.705991466564715,59.170345184858654
586,"[117.01119536830001, 104.17614542459998]",29.707865865897602,59.16615921090173
587,"[117.00312364759999, 104.15959923849998]",29.727518896962007,59.15201033141993
588,"[117.01779873639998, 104.13579349509997]",29.709461189454533,59.15563747933618
589,"[117.05625754189998, 104.08377808640002]",29.694613310125316,58.52190652839225
590,"[117.14735501340002, 104.06908556280003]",29.764631484260963,58.59971237779397
591,"[117.1450512889, 103.94961401050003]",29.74588757916943,58.55037586880397
592,"[117.17075972540002, 103.81472694500002]",29.74106979492072,58.5209560004161
593,"[117.21914213929999, 103.55416169110002]",29.718903585827444,58.46381712094543
594,"[117.28286090870002, 103.3395354006]",29.712871410312644,58.439642165960116
595,"[117.34263295899999, 103.09344820169997]",29.700007883108384,58.400680851083344
596,"[117.3934556843, 102.8471170658]",29.673992379914793,59.2272509353332
597,"[117.48801306909999, 102.67671209969998]",29.680377234800538,59.88094987891619
598,"[117.51688547459999, 102.58687414959996]",29.671486872252643,59.87377425822619
599,"[117.53867115899999, 102.52167742869995]",29.66092609422768,59.869430967442916
600,"[117.55299143359998, 102.47428754689994]",29.675601881828182,59.86491860096995
601,"[117.57070941519999, 102.42533827299994]",29.703454763281798,59.80049418067504
602,"[117.57784994929996, 102.41929406559996]",29.7316875269256,59.80471682108587
603,"[117.58780500329998, 102.43125185149995]",29.706354741438663,59.81854297086142
604,"[117.60095311239996, 102.43693898379993]",29.711366451663526,59.83286786790386
605,"[117.61856054609999, 102.42107336369995]",29.715830730055533,59.842908480934966
606,"[117.60917845469996, 102.38843219429992]",29.70367979772885,59.82156829461309
607,"[117.59086225559994, 102.38135873799993]",29.703744312558456,59.8019430067586
608,"[117.59734896329995, 102.37631657649992]",29.695942264341028,59.80595944494449
609,"[117.60568958599995, 102.36431832399994]",29.707209582470217,59.80898245373934
610,"[117.60129975919997, 102.36552793659993]",29.71207958870749,59.80540733953202
611,"[117.60299007589998, 102.38105541889995]",29.71283609188942,59.81299895188776
612,"[117.6238943483, 102.36537738949991]",29.697474540549884,59.8261692145995
613,"[117.63827469340002, 102.33598284099993]",29.713831955773355,59.82801376440336
614,"[117.57022928220002, 102.31522543539994]",29.77055351782878,59.75724457905369
615,"[117.57708063140001, 102.25393554299997]",29.77019026222024,59.73980945095035
616,"[117.52660828550002, 102.17380921669995]",29.822710527001032,59.66228198293747
617,"[117.4440023475, 102.10201710599996]",29.822954311012918,59.55836788254965
618,"[117.45806689160003, 101.97731179519995]",29.810371887132693,59.523368185645644
619,"[117.46090282259998, 101.81690406149994]",29.810340367507578,59.46460565443675
620,"[117.45725132250001, 101.64036556259997]",29.793539991550855,59.39410012388659
621,"[117.43599633090004, 101.47342196169993]",29.814617150825466,59.31134202538432
622,"[117.38555735530002, 101.32037445749998]",29.831547717870443,59.20709277177434
623,"[117.38207196050003, 101.18504267969998]",29.82958168245453,59.15327215336621
624,"[117.3317299543, 101.03817561789998]",29.848362970004047,59.05191996185307
625,"[117.29790895780003, 100.87240838219995]",29.85350167164384,58.95918478289427
626,"[117.30939836150003, 100.71648936129995]",29.808361053763146,58.69352767183836
627,"[117.33456701070001, 100.57932860729997]",29.806192566895803,58.66912480178591
628,"[117.35095786690003, 100.40924851759993]",29.82240854678271,58.62540865224201
629,"[117.37979479779999, 100.28257984239991]",29.77878369749533,58.60876759699127
630,"[117.39940160709999, 100.09160889219994]",29.778188609899722,58.561775865352075
631,"[117.4163687915, 99.91703380599995]",29.753277281621063,58.518436712975614
632,"[117.45331211400004, 99.76577489519995]",29.715089237283472,58.50223548409734
633,"[117.47656395719996, 99.60319790309995]",29.700241050121793,58.46976358939472
634,"[117.52877221739999, 99.46579499739997]",29.681560770369952,57.95165798753844
635,"[117.59452699779999, 99.31569997979994]",29.647261176793055,57.96188638240437
636,"[117.67183502339996, 99.14878630779995]",29.610980126040484,57.97774005991738
637,"[117.74063647389998, 99.00589452559996]",29.53148128911055,57.99423894578629
638,"[117.82786872539998, 98.93911885589998]",29.479467101070487,58.053991627051296
639,"[117.8559897892, 98.86452001299996]",29.425629602508703,58.05555529513343
640,"[117.8756743463, 98.80619158359997]",29.418593510877546,58.05468217477911
641,"[117.91130978810001, 98.75227661559995]",29.4006611727443,58.07038614068824
642,"[117.9441119852, 98.68669885159996]",29.380941982153562,58.07962866838234
643,"[117.9589265816, 98.67069555559998]",29.350380722032213,58.088325846820474
644,"[117.9803289285, 98.65524783149998]",29.33346467054006,58.1034323033301
645,"[117.9709056016, 98.6466448338]",29.340929178726004,58.09169920810622
646,"[117.9842822217, 98.64277542669998]",29.354190589096223,58.10305263339047
647,"[117.99131868769999, 98.62746599690001]",29.381018657729165,58.10465275067013
648,"[117.96664830089998, 98.6333540102]",29.36402131932225,58.083298942840905
649,"[117.97787773879998, 98.65282800749999]",29.337054740489716,58.10032023311996
650,"[117.97627668279998, 98.6523567185]",29.3378248476915,58.0986533207817
651,"[117.99006846929998, 98.6451307925]",29.342644129295582,58.1092918710168
652,"[117.97547544109999, 98.6297482094]",29.337717446639815,58.09044518946433
653,"[117.98861992740001, 98.6298262346]",29.324988615932394,57.542741364904636
654,"[118.00268251030003, 98.62099390830001]",29.303127481099963,57.55292497528798
655,"[118.00010557910004, 98.60418178260001]",29.295360405162388,57.54474555478041
656,"[117.98857343210003, 98.59002732959999]",29.335359004985758,57.52906484617499
657,"[117.94956969460002, 98.620424486]",29.31799880124325,57.50283474222415
658,"[117.94072150470001, 98.62383035090001]",29.3237496428077,57.49569135976459
659,"[117.94693016190001, 98.62454489870001]",29.327714250090217,57.50176844180544
660,"[117.94895834580002, 98.6010719343]",29.31417988081424,57.4956268450952
661,"[117.93072158540001, 98.61171051249998]",29.300841670168452,57.48214132078117
662,"[117.9265620031, 98.59215091659999]",29.2999687761127,57.471529540310065
663,"[117.93907006900001, 98.58793324239997]",29.285722955679965,57.481836099122255
664,"[117.9358566577, 98.57288640019996]",29.25961962320173,57.47366521869832
665,"[117.94928203600003, 98.58734824789997]",29.25743269688462,57.4912302810668
666,"[117.96678510060005, 98.61263482359999]",29.262489842057175,57.51633653801666
667,"[117.95522276790005, 98.61016756720001]",29.28335888611123,57.50462886991856
668,"[117.97708621970006, 98.61576139180002]",29.291007538393625,57.52708534556863
669,"[117.99519881880003, 98.60679788270001]",29.290336094575864,57.541031246901845
670,"[118.01184785960004, 98.5807000606]",29.26736599967387,57.54774409686739
671,"[118.01942556400002, 98.56664620710002]",29.2635321627394,57.550061210053954
672,"[118.02262295439999, 98.46582692890006]",29.195363288269526,57.518695369800476
673,"[118.10039037770001, 98.28730528180006]",29.161455414379486,57.11113770725111
674,"[118.20568439409998, 98.11391566630006]",29.150390254504046,57.163123656948876
675,"[118.35829425380003, 97.84359775300003]",29.109702280250417,57.00659471561324
676,"[118.4524847183, 97.57003595000006]",29.03206355915898,57.00240563011053
677,"[118.53339495139996, 97.28381020680003]",28.952176707624613,56.98295361273393
678,"[118.65385366640004, 97.01226173770009]",28.926946864726624,57.00722180885091
679,"[118.72169825630006, 96.76243773120007]",28.879746679668873,56.990226752557135
680,"[118.72682725650006, 96.53114422180006]",28.829732489363334,56.92086482778818
681,"[118.73275375130004, 96.22538286600006]",28.77858949339806,56.82967588442265
682,"[118.78323585940001, 95.94442073350007]",28.715047542245202,56.790030697519704
683,"[118.82926151860002, 95.6854455945001]",28.666412010785898,56.75425332797159
684,"[118.80207432710006, 95.39935685180006]",28.59059342834759,56.641695763088194
685,"[118.82784401460005, 95.09406384470003]",28.54532646370005,56.575278298261075
686,"[118.88411674910004, 94.73967637800004]",28.540161577709135,56.52539490218668
687,"[118.90052192180006, 94.39926972050007]",28.476633035492785,56.44348595581432
688,"[118.9313184433, 94.09177266940003]",28.42209343509393,56.38650827163095
689,"[118.91788855100008, 93.74869285430003]",28.369161253814458,56.278897673005446
690,"[118.89891369989999, 93.48701109430003]",28.303904991512972,56.18968065317198
691,"[118.86553186660001, 93.16645812230003]",28.220140257089444,56.0720926814422
692,"[118.82577933000005, 92.83589230100002]",28.123630946548975,55.94737034460052
693,"[118.77641459530005, 92.51463159190001]",28.034323398759668,55.81741344891872
694,"[118.72984637250003, 92.19441948360002]",27.941006072742397,55.692019639098234
695,"[118.73980032550004, 91.85310510000001]",27.872515712120425,55.61793730927315
696,"[118.76603346179999, 91.53012484770005]",27.820160105581,55.56601167692221
697,"[118.77919020399999, 91.21093597880004]",27.717584166147596,55.504083992424974
698,"[118.81794052140003, 90.8970725767]",27.609976545904956,55.47006290572902
699,"[118.88258857999999, 90.63466212290001]",27.545478269352888,55.474439337831946
700,"[118.92628609420002, 90.38087611140001]",27.509376372001487,55.461544691364146
701,"[118.99246174130003, 90.189208205]",27.462914985557195,55.48500889010556
702,"[119.09391537110002, 89.99753091100001]",27.337061938898017,54.67284848460311
703,"[119.15259272930003, 89.84602878770002]",27.253624127631515,53.8541189847973
704,"[119.31561179950002, 89.73514076739998]",27.139326118224027,53.15260077963424
705,"[119.41567987829995, 89.61799520660003]",26.96945607457609,54.00449165432804
706,"[119.5518714085, 89.4881957358]",26.815155466782247,54.10561747373663
707,"[119.6873124348, 89.35605176780004]",26.635036370352463,54.20592650748348
708,"[119.80211284599996, 89.21379544660002]",26.51591271214215,54.28428414011024
709,"[119.96426749889993, 89.06542450000002]",26.31863653512658,54.407835252319835
710,"[120.14663934320004, 88.88581367170002]",26.122148430959722,53.99102029805999
711,"[120.2870947979, 88.79775228040003]",25.957152285881758,54.10635108355949
712,"[120.41696855950002, 88.62807639700004]",25.804541415617017,54.19246505110184
713,"[120.55658906599994, 88.4271704875]",25.642979355969103,53.77957765207719
714,"[120.68499601289999, 88.17624057940003]",25.458726662906336,53.33287573536505
715,"[120.83616577880002, 87.95580672170004]",25.271219737068396,52.848507700792084
716,"[120.98029429260001, 87.76616039880003]",25.09761339415268,52.218828125559604
717,"[121.11316025049997, 87.54322826830001]",24.954978552908457,52.285718785830376
718,"[121.23990071669996, 87.35298928390004]",24.82760049483763,52.35662426892215
719,"[121.38031262629997, 87.13147478920001]",24.689640495929584,52.433407602749135
720,"[121.47369651649997, 86.94611731300002]",24.57985737068186,52.475289035721616
721,"[121.50635213999996, 86.82472375280003]",24.530751167288546,52.475592822281584
722,"[121.53901851919996, 86.701016619]",24.52990696228364,52.475620638617485
723,"[121.57694166829997, 86.56899846910001]",24.462752062743654,52.47895823025331
724,"[121.58662488189997, 86.44787632430003]",24.43732843354961,52.458018075826516
725,"[121.55952514869995, 86.2814102128]",24.407619297480522,52.39052059957198
726,"[121.49281667399997, 86.14258419709999]",24.43392662760704,52.29180467596127
727,"[121.51696121759998, 85.96088731659998]",24.477701525301853,53.164182906577814
728,"[121.57307800100001, 85.81260672799998]",24.49005293818526,53.18183848737152
729,"[121.68082052080001, 85.65055350589996]",24.554353255616753,53.24669080877394
730,"[121.75297450989996, 85.39071294489999]",24.570187891027945,53.25427358122456
731,"[121.74607070860002, 85.16197603270001]",24.51929058670743,53.19360751914191
732,"[121.75919712930003, 84.90009265909997]",24.5158273252976,53.14574639604441
733,"[121.75875499999998, 84.60818868389997]",24.48142273305475,53.07918357089279
734,"[121.7777496346, 84.3717987544]",24.466843323402898,53.04527591272725
735,"[121.81868137669998, 84.07456508289997]",24.474756091121385,53.02076854720358
736,"[121.80288558890001, 83.73977797249998]",24.366886665402554,52.93464078329001
737,"[121.75150148410006, 83.44616192449996]",24.28997379191559,52.823988680058775
738,"[121.8021187186, 83.16744072770001]",24.29427689090548,51.92425668983857
739,"[121.8271540537, 82.92252575020001]",24.239302627127735,51.89883562588283
740,"[121.77840506249997, 82.6901352876]",24.16761880034916,51.80470451770959
741,"[121.73497165239995, 82.4886011332]",24.10108676732281,51.72268055035109
742,"[121.7160362539, 82.3564393261]",24.093310175465767,51.678637525522
743,"[121.7023459503, 82.22057311599998]",24.08450784322352,51.63935247583855
744,"[121.67764694570002, 82.11691561799998]",24.044453121332687,51.59560086753868
745,"[121.63199815150003, 82.03731610409997]",23.993984841206107,51.53591006742185
746,"[121.61132565950004, 81.9780473031]",23.964595922509748,51.50461399745519
747,"[121.58368352700003, 81.97496452759998]",23.943466132617374,51.476878238381694
748,"[121.57002364450005, 81.9710138602]",23.9480833572337,51.462723560801585
749,"[121.57117878880004, 81.9592355091]",23.94749051059726,51.461683784013296
750,"[121.55050165420003, 81.965444589]",23.928084491619565,51.44250868864405
751,"[121.57164153450005, 81.9890072013]",23.933147232978758,51.46764130082387
752,"[121.55854216960005, 81.9561338984]",23.925372231273524,51.44869182307412
753,"[121.57505758130004, 81.90814155559998]",23.934145490360674,51.45609162056062
754,"[121.58308488550004, 81.9143292998]",23.925302583724157,51.465118651132855
755,"[121.58683197050003, 81.89025093369999]",23.923432414200253,51.10442789736699
756,"[121.61196059380005, 81.8719295999]",23.924540924620274,51.12536494834045
757,"[121.60954334190006, 81.8862324165]",23.932437519788685,50.76174881254974
758,"[121.59352471930008, 81.8417747207]",23.92592921820497,50.200354210614144
759,"[121.59783711050002, 81.86270963259999]",23.945368409675783,50.20808000057105
760,"[121.58274451090003, 81.79613644269998]",23.954558250019783,50.18217906874906
761,"[121.58390291910004, 81.70117439479998]",23.91963953563321,50.167754205434996
762,"[121.59536045210002, 81.56114848759998]",23.852869115741065,49.56245327689294
763,"[121.6028686614, 81.4536084615]",23.82807535175907,48.871079838991896
764,"[121.68132299629998, 81.31017717019999]",23.748322631967,48.208249053821596
765,"[121.72425584170001, 81.1965310812]",23.726803923508463,47.55167921796693
766,"[121.78350500510004, 81.1548528232]",23.663295812697374,46.749093341551294
767,"[121.85143065040003, 80.96795815339999]",23.56331321085242,45.965178118574485
768,"[121.8875911863, 80.76996468629999]",23.461450430545487,45.20601488952704
769,"[121.94770938980002, 80.67256492259999]",23.43628089888002,44.351294829446104
770,"[121.9855209028, 80.6350434375]",23.41044864826318,44.37865485695256
771,"[121.97538911439997, 80.6222869566]",23.414348289851368,44.3656897086775
772,"[121.94957774339998, 80.60111042359999]",23.375999046600864,44.33545643347493
773,"[121.97969764299998, 80.61551533849999]",23.342768486190845,44.36819640736051
774,"[122.0217493184, 80.6133653649]",23.334896399710697,44.40842385746955
775,"[122.03843859099999, 80.61953453119999]",23.32411237141357,44.42611812130881
776,"[122.00715111129999, 80.590574342]",23.275891142237946,44.38866953217943
777,"[122.01446472270003, 80.5852649312]",23.21472374688365,44.39445497130116
778,"[122.01616016480006, 80.4418127764]",23.122873366399975,44.361093307022664
779,"[122.02570382290003, 80.3835075148]",23.031644566163546,44.35625218630579
780,"[121.99072289380003, 80.28373440749999]",22.984099532323818,44.298325920837655
781,"[121.97788045250002, 80.14020159960002]",22.86591994540052,44.2517226585596
782,"[121.96384139380002, 79.8992882685]",22.786748506544424,44.1817601079245
783,"[121.99320682780002, 79.6653478442]",22.7337857647549,43.44013260511906
784,"[122.00890953829999, 79.45183660289997]",22.696688746244064,43.404316464748135
785,"[122.01409911770003, 79.15134862859998]",22.662940798596605,43.33919508348565
786,"[122.07071844180007, 78.85015745459995]",22.63025757898734,43.32603473204096
787,"[122.07825740830002, 78.52857798749996]",22.620112582429527,43.26270996261559
788,"[122.04975354649996, 78.21423960829999]",22.568530118268818,43.16795790649272
789,"[122.00621298280002, 77.91341824759996]",22.50863301888578,43.0633265965291
790,"[121.97150115070004, 77.60415639809999]",22.41711217913758,42.967590969212985
791,"[121.91923339310001, 77.25320407819994]",22.364912797531122,42.84878197061027
792,"[121.86281351359999, 76.96177407149999]",22.32786336206566,42.73931142555842
793,"[121.76737703540007, 76.62448276159998]",22.247840168948677,42.58517078869249
794,"[121.65602314329999, 76.41160800269998]",22.208491301891286,42.4387157049814
795,"[121.67932787479997, 76.22549177089999]",22.20804284343975,41.44175147627284
796,"[121.60514351779997, 75.974144027]",22.280922431455018,41.328345956058136
797,"[121.57925804590002, 75.72259599320002]",22.2344392745918,41.26400762307151
798,"[121.58737426780004, 75.40510261899998]",22.155727325406282,41.225240222668624
799,"[121.61627898279995, 75.17407782090001]",22.116858249500318,42.196018862338605
800,"[121.75050448460003, 74.89535020870001]",22.003927450292903,42.29309088781932
801,"[121.79802095030003, 74.6506531312]",21.940101078116644,42.31017542188576
802,"[121.86977210409998, 74.37577917340002]",21.880918045168517,41.76299421864488
803,"[121.90112694689995, 74.16527457070002]",21.84175281511784,40.991107868867
804,"[122.00573435450005, 73.92661469260005]",21.749410054159007,40.39267442390225
805,"[122.1494808654, 73.69676448820002]",21.598185793476183,39.86200837584785
806,"[122.30918305349998, 73.46774574310002]",21.50230080955429,39.18294116286268
807,"[122.38672169890008, 73.18980013510003]",21.4192979627574,38.488173193538806
808,"[122.5157474426, 72.93417115910005]",21.259739794457676,37.71505302778209
809,"[122.6375493537, 72.67447210540004]",21.170522273654974,36.897661483161265
810,"[122.79192669290006, 72.42845020290005]",21.021869490353275,36.131280999633844
811,"[122.96338732050002, 72.25271175870002]",20.886877854016156,35.36496820501729
812,"[123.10646499190005, 72.03624545070005]",20.764230979409493,34.58465471054705
813,"[123.26296118200004, 71.82677389010004]",20.64619086980154,33.94577837038919
814,"[123.39856643510002, 71.54744631750007]",20.540906770252203,33.21916155491473
815,"[123.5196756805, 71.31429385240004]",20.41244714281406,32.57117575200826
816,"[123.64094570720003, 71.09145324200003]",20.334437271927115,32.24855552274286
817,"[123.81466326750002, 70.81188816530005]",20.2489028608655,31.705852483948583
818,"[123.9949897164, 70.57287098810001]",20.17320563863285,30.95472043957776
819,"[124.18215914589999, 70.30400461859999]",20.082989679394778,30.531113898048208
820,"[124.38643441750004, 70.02802561339999]",20.018638380345166,30.276550351881475
821,"[124.57578008389997, 69.7384038725]",20.02092480745505,29.959645837536254
822,"[124.74865276820006, 69.32281975430001]",20.083299984142954,29.71552617867912
823,"[124.88428482599998, 68.98729139330003]",19.98704962489896,29.7779388556563
824,"[124.97406868379996, 68.63998938749998]",19.954082972279934,30.150631955025965
825,"[125.05007783119999, 68.26902721969999]",19.985378700502306,29.920713526689426
826,"[125.07005693640004, 67.82059075890001]",20.00451902323479,29.487728672335358
827,"[125.19881424069997, 67.42433715350003]",19.987141688969384,29.307844172008494
828,"[125.30401939640002, 66.98183662209998]",19.946476493849026,29.506794175341447
829,"[125.39407683719999, 66.6195498302]",19.961942959539737,29.522971406440004
830,"[125.4475408456, 66.25857534019998]",19.94489411708259,29.508101727749825
831,"[125.43549094919995, 65.88592509840001]",19.90168870567942,29.431194673044885
832,"[125.39795378889994, 65.58692194220002]",19.78848292194722,29.34524788447336
833,"[125.35672102089997, 65.25281040050002]",19.723712275673435,29.253287536326827
834,"[125.37218721139998, 64.8860101691]",19.68548742653436,29.216644533721535
835,"[125.36344350299996, 64.56824824400002]",19.643012830110735,28.80954633935924
836,"[125.34268481889998, 64.2703978474]",19.57940795983995,28.736110630460967
837,"[125.34607909360003, 63.97121293560001]",19.539528655026434,28.689209418451224
838,"[125.4100195175, 63.625170793500025]",19.498327316835738,28.698092972996875
839,"[125.37894745829999, 63.26961442580002]",19.428997603049364,28.61587342414455
840,"[125.31233878390002, 62.956650958500006]",19.364311460430695,28.50806520136595
841,"[125.27716211370003, 62.64714028639999]",19.306073429520303,28.435072455361084
842,"[125.18588542380003, 62.33424845500002]",19.21480011445084,28.30917369692739
843,"[125.12953258579999, 61.98946411699999]",19.150752825513326,28.218183329700107
844,"[125.02927276290002, 61.643318092200005]",19.055025571204638,28.087370110556215
845,"[124.95358327380004, 61.357336171999975]",18.988723159197498,27.98945842685826
846,"[124.8728310066, 61.016327619500004]",18.939117319344835,27.70376251174847
847,"[124.80036890870005, 60.66610025750003]",18.892982433105676,27.640802965165715
848,"[124.73512782460004, 60.33207449370001]",18.842075970245386,27.58880740681703
849,"[124.65714916600001, 59.983212930499995]",18.808808211310108,27.52906528564826
850,"[124.58444008199996, 59.648937581200016]",18.763522279301,27.47806685887769
851,"[124.49391965130003, 59.270651372799996]",18.713932092811785,27.417177902814423
852,"[124.44937097439998, 58.94184004860001]",18.701112770208546,27.40260647047767
853,"[124.40388791009997, 58.59982383479999]",18.69075392022488,27.392556412718584
854,"[124.38364769000003, 58.24497820889999]",18.716596989986886,27.41346767327871
855,"[124.33318554499998, 57.856558917300006]",18.752893471799307,27.434284791334065
856,"[124.26339898690004, 57.473781854399995]",18.818520243649733,27.89584237913006
857,"[124.23017526740006, 57.03182471360001]",18.89478183542181,28.658064107526755
858,"[124.28131017350002, 56.6347152408]",18.94642966345,29.446796116342835
859,"[124.35200850370005, 56.229024111199976]",18.9818276190408,30.24646208160641
860,"[124.32069955919997, 55.827053603799996]",19.011952354685018,30.026917765822
861,"[124.34696667729999, 55.3952895967]",19.065533815702953,29.558751614081746
862,"[124.43121176780006, 54.99960352350001]",19.11372587495038,29.06512608385954
863,"[124.47177000550002, 54.6428108593]",19.196763981755353,30.11898090220074
864,"[124.55777220760002, 54.33276840330001]",19.208468202701873,29.841376289477
865,"[124.54197923960002, 53.99887578610001]",19.202060080428154,29.102686387111735
866,"[124.5548894173, 53.71965944370004]",19.242974420808046,29.0358731264934
867,"[124.5389241129, 53.51287105080002]",19.256750048555194,28.66456203568705
868,"[124.58683512840005, 53.22122045920002]",19.214550592189813,28.188606030973688
869,"[124.63104159729997, 52.95668981480002]",19.249135009284096,28.304735947690393
870,"[124.59291287670004, 52.71356255210002]",19.28890466936238,27.85926841375839
871,"[124.5983810454, 52.454363698300014]",19.277315343351674,28.598941970311458
872,"[124.6270391183, 52.226030915700015]",19.26479900992845,28.3062164011723
873,"[124.6360894294, 51.943607187600016]",19.28260122114988,27.85373192727953
874,"[124.6690725702, 51.6516760586]",19.302933721931137,28.274176666681445
875,"[124.72307152710003, 51.39199341990002]",19.235966166009693,28.988640202470215
876,"[124.78125893580004, 51.11366494670001]",19.203144442255393,28.839589394592984
877,"[124.81847643380003, 50.85249114010002]",19.150847464239092,28.454817374060827
878,"[124.85930470769998, 50.56747450730001]",19.104165520649676,28.325003467056813
879,"[124.8631816094, 50.284248517700014]",19.093257009362343,27.664763422113015
880,"[124.93375461800008, 49.975858473900004]",19.101421055704055,28.498257773876123
881,"[125.007987617, 49.71881784290001]",19.15001533855725,28.379963159408373
882,"[125.0953910673, 49.50929427729999]",19.176993463841647,28.058406899437944
883,"[125.20854819020003, 49.25641769170001]",19.23411016799004,28.2441773539499
884,"[125.321823757, 49.013263822]",19.269412274901352,27.629555531683195
885,"[125.42255303260002, 48.692035196600024]",19.44767869095342,28.140053914630002
886,"[125.5117059858, 48.4114086401]",19.57118170929091,27.870088495913713
887,"[125.58784606860003, 48.118754128299976]",19.704407255258854,28.62986605657578
888,"[125.67214258879999, 47.808797149799986]",19.823953732049443,28.64123164036897
889,"[125.7913323791, 47.4144174898]",19.896862416635727,28.672561851478857
890,"[125.9244510579, 47.05660240249999]",19.921752047119117,28.73056993502383
891,"[126.01769670409995, 46.65610795389998]",19.957942107804367,28.746536770864882
892,"[126.21060310899995, 46.366217121700004]",20.063968900531062,28.885317114511263
893,"[126.3163838189, 46.036700688399975]",20.162239826483,28.935278424366047
894,"[126.46513706969994, 45.71011207380002]",20.240750458545534,29.032220051739756
895,"[126.57140595999999, 45.42190738589999]",20.393746219200843,29.096408283546634
896,"[126.61648855569997, 45.1336176274]",20.473367394747576,29.10298970683106
897,"[126.73852871879998, 44.77357417509998]",20.53493546412308,29.180617339897033
898,"[126.81817142799999, 44.4192032922]",20.620121265291868,29.22138129354694
899,"[126.9059843098, 44.0801930255]",20.698474321639882,29.27611916960622
900,"[126.9627052358, 43.7405969234]",20.775080494574034,29.309055898854016
901,"[126.97706281769999, 43.4047759351]",20.77640533880366,29.31445281841964
902,"[126.98900801100004, 43.08423841099999]",20.78553572534574,29.825514232011848
903,"[127.03249792290006, 42.74893673419999]",20.81495394344779,29.85772735945974
904,"[127.0688868184, 42.44016801789999]",20.835696930486428,29.88708442757145
905,"[127.0623398119, 42.076272688299994]",20.8194341649207,29.876360755941302
906,"[126.99215774650006, 41.71237053679999]",20.798960946311567,29.806434649888832
907,"[126.96434938050004, 41.4069382836]",20.74974121514468,29.782273480500475
908,"[126.9420180764, 41.085980746900006]",20.752226905192273,29.76715687620915
909,"[126.91450854319996, 40.7870139263]",20.754337711187453,29.74949513229196
910,"[126.9043769559, 40.42939789019999]",20.761996312583857,29.755083327522915
911,"[126.91831322659999, 40.0986491781]",20.79435413415685,29.198817400132445
912,"[126.96301732600003, 39.80213316000002]",20.817042931767627,29.258488646834
913,"[126.96813362829997, 39.50443646470001]",20.88388120623113,29.281680824727054
914,"[126.9777879905, 39.2538544736]",20.99294107404416,29.22297366722628
915,"[126.90470866280003, 38.95844796649999]",21.064744547135952,29.185434252611355
916,"[126.8418270329, 38.66836360329999]",21.17134777414315,29.160416887377156
917,"[126.839886633, 38.375994588100006]",21.233967258501583,29.19903886245097
918,"[126.82846298319997, 38.1011876967]",21.29729721004712,29.22847298999233
919,"[126.80298409160005, 37.7405629443]",21.370373091360744,29.61175034077827
920,"[126.73520157469994, 37.4222955984]",21.53809636816211,30.36416584635633
921,"[126.6726034533, 37.141769995199994]",21.631583355117932,31.144598016210388
922,"[126.69165345820004, 36.84741310999999]",21.683021016356278,31.54207771405484
923,"[126.67469995059996, 36.5940439412]",21.71809372883661,31.07848127734528
924,"[126.65647065360001, 36.36515444529999]",21.751821576350462,31.2894369093012
925,"[126.65544260200005, 36.1168767208]",21.809268312152035,32.03336726359054
926,"[126.61486942300002, 35.83796175749999]",21.859793794205988,31.65129924651868
927,"[126.5846071488, 35.60313160790001]",21.820812552726657,32.07280138267477
928,"[126.54936600329998, 35.350727938200016]",21.8325172089918,31.810407694485956
929,"[126.55932364619997, 35.052114102500006]",21.86378088914976,31.304441279881136
930,"[126.51567531410001, 34.8153444571]",21.888098542467255,32.164620513010355
931,"[126.51145134650001, 34.601592420200014]",21.899094899014873,31.911454901386612
932,"[126.46659768390003, 34.3867663995]",21.940448839963388,31.34121450446741
933,"[126.41111270539999, 34.14481247429999]",21.998974862160257,32.007876488635134
934,"[126.36340864130001, 33.977477883800006]",22.046394272050247,31.650484337541005
935,"[126.41017307010002, 33.737548204700005]",22.033807871164104,32.48312081213867
936,"[126.37074406159999, 33.46633093130001]",22.108396156568293,32.287401916342375
937,"[126.44941567789996, 33.2090146276]",22.040647176840817,31.773592999441743
938,"[126.4397749151, 33.036372387700006]",22.03790356293963,31.303159500134473
939,"[126.48704841499995, 32.7788074615]",22.001891715517868,31.86647390008727
940,"[126.50643323859998, 32.536684038]",21.9681591020392,32.7730723639471
941,"[126.56200737580001, 32.238831015100004]",21.953754344873552,32.58545089922332
942,"[126.60691672800002, 31.985293260299997]",21.927006461517614,32.065438796138174
943,"[126.65401552070001, 31.729452451599986]",21.881815540657048,31.594336938600712
944,"[126.7541842299, 31.532441503199994]",21.823860541736828,31.670425957575404
945,"[126.81763734760001, 31.257905605600005]",21.7635041278255,31.75909582876851
946,"[126.84872498130002, 31.000148645199996]",21.753975765935426,31.400798860475817
947,"[126.88112530610005, 30.7818162295]",21.782070611715568,32.387987043387874
948,"[126.92240020630001, 30.5812155019]",21.768596412271695,32.07837380813197
949,"[126.93866797300002, 30.352776680499996]",21.82230945248343,31.51741208860485
950,"[126.91167701219997, 30.1859263048]",21.82459174191199,31.896543978162832
951,"[126.94333469240004, 30.021802070600003]",21.861094495036138,31.428964114813862
952,"[126.93414897470001, 29.78207041750001]",21.98577504524347,30.942185114198587
953,"[126.92524632190005, 29.653693856199997]",22.08544205759836,31.79179777003893
954,"[126.95497451959999, 29.598501140000003]",22.169720678699182,31.808673597310182
955,"[127.07912832070002, 29.51313842960001]",22.21762873235662,31.911335516558857
956,"[127.21847891229999, 29.374326559700002]",22.250346841580793,32.017943290207604
957,"[127.2619999207, 29.282044696100005]",22.29959503183823,32.04123361454926
958,"[127.41606143429999, 29.122196670299985]",22.370948641725267,32.15936094282759
959,"[127.54779030720002, 28.9254534066]",22.502952487888397,32.60510825434071
960,"[127.70220740739997, 28.681795138900014]",22.61428619591621,32.6965606145515
961,"[127.83481955889994, 28.4034396752]",22.667818036490885,32.76117468871453
962,"[127.93368705659998, 28.17561170199999]",22.734867585039673,32.80668460241987
963,"[128.1134631567, 27.91736217519999]",22.8209499840588,32.92664484505929
964,"[128.2148244482, 27.6429039391]",22.904846944706648,33.95280352943602
965,"[128.3305685432, 27.354988800300003]",22.930218094292663,33.01556955936744
966,"[128.41907578479996, 27.060821765800007]",22.956967640092007,33.04408583558567
967,"[128.49736778270002, 26.747735268699994]",22.989264687986573,33.06190679745076
968,"[128.60320927989997, 26.4359301469]",23.04039182772071,33.110217920245304
969,"[128.68144820179998, 26.154587516399996]",23.080681102357552,33.13953123478447
970,"[128.7639687959, 25.859368804600017]",23.11734435675711,33.17344413567969
971,"[128.87960342360006, 25.569228247100014]",23.202201596517913,33.243652740415435
972,"[128.9242343282, 25.272632790399992]",23.217805641828942,33.24542789563577
973,"[128.98311519519999, 24.981897481400004]",23.282103613232085,33.264797924039485
974,"[129.08979126510005, 24.70029750639999]",23.367685319662304,33.33534933126368
975,"[129.1647280659, 24.4050832022]",23.41160247362971,33.375400736166036
976,"[129.18172407199998, 24.038342776800008]",23.401670798012027,33.35324598634027
977,"[129.2287352963, 23.72670915540001]",23.411624322634097,33.37001816670419
978,"[129.26886712280003, 23.42102725650001]",23.454448650709054,33.38339085697269
979,"[129.32219393450004, 23.081391393900002]",23.5143063078545,33.410294729982155
980,"[129.3387622606, 22.723139570000004]",23.519062437202425,33.593275671146664
981,"[129.34931993150002, 22.347803333100014]",23.54597607974179,33.57182941013584
982,"[129.32170823550004, 21.987547299099997]",23.567762778087964,33.517528650337994
983,"[129.2990487285, 21.639016276299998]",23.596360152998056,33.47267029545847
984,"[129.28544657429995, 21.2634461215]",23.621628621151228,33.43915261316188
985,"[129.2837043135, 20.951520934]",23.65405297838662,33.424050482664875
986,"[129.2231541459, 20.6895424267]",23.639473688319573,34.2563597195692
987,"[129.14597405010002, 20.394022637600003]",23.60332227037081,34.20189369949843
988,"[129.06474811840005, 20.076325096099996]",23.546754594849066,34.14802987793057
989,"[128.99358529269998, 19.748292176599996]",23.553910454860066,34.108276250285186
990,"[128.92910424419998, 19.449142591]",23.513541036988975,34.07527868791651
991,"[128.8095610028, 19.1299053671]",23.447658750808433,33.99268694133401
992,"[128.70635461170002, 18.820703403099994]",23.440547284504614,33.92824252106869
993,"[128.6208543313, 18.537289641099996]",23.400328320240334,33.88083465564412
994,"[128.47910263380004, 18.292323275799998]",23.319764472077253,33.77474383654563
995,"[128.35203849540002, 18.030701002500003]",23.250749382407857,33.687741424886845
996,"[128.1431961908, 17.7082212753]",23.174932606836393,33.53212603712384
997,"[127.94064632430003, 17.3947894588]",23.092792118901308,33.384845398820126
998,"[127.77704018150007, 17.0579037801]",23.058475216958314,33.28367523785889
999,"[127.6244281423, 16.7667899736]",22.98894938604185,33.18838017560132
1000,"[127.4768897636, 16.474419788400002]",22.915614632501295,33.101297993193725
1001,"[127.3253396262, 16.225035008700008]",22.82472289738941,33.004271402473584
1002,"[127.08132086580004, 16.061813217000005]",22.71987263470082,32.80058718211468
1003,"[126.92492648129999, 15.863790518900002]",22.647997786773754,32.69144618031354
1004,"[126.76032792699996, 15.688664984500013]",22.539545968653623,32.570658180587145
1005,"[126.54474043450004, 15.595021073300002]",22.377592019934223,32.382545979033104
1006,"[126.36403698439997, 15.40252646150001]",22.283684419816126,31.370765251236392
1007,"[126.18221108370004, 15.337528180500003]",22.14048582028374,31.208474393181508
1008,"[125.92774859259997, 15.241469506500009]",21.95376727846635,30.983134420335997
1009,"[125.68006134239997, 15.201748149300006]",21.75433588083882,30.751741282868196
1010,"[125.3945824978, 15.049040312000002]",21.611473436174933,30.511298630062328
1011,"[125.17001447350002, 15.047823607700003]",21.414500068724898,30.293845294859764
1012,"[124.94405351819995, 14.973560641499999]",21.26200393532391,30.0932904696088
1013,"[124.65253449929997, 15.008556137700005]",21.058582395776728,29.802285696140856
1014,"[124.38256608999997, 14.961598035800002]",20.889039501905476,29.552937862925106
1015,"[124.06409361839998, 14.9689693306]",20.61980423873151,29.243168532827422
1016,"[123.74849161929995, 15.092513595999998]",20.306507872480623,28.906444264700625
1017,"[123.43424147469996, 15.127103665900002]",20.051610077899067,28.593832520919626
1018,"[123.14321407519998, 15.293613743399998]",19.71268123908651,28.934026894469316
1019,"[122.80726195559991, 15.327459417399997]",19.460702545479386,28.605001568732703
1020,"[122.50822458629999, 15.350904560799997]",19.23693271653527,29.290496681639468
1021,"[122.18796961039996, 15.394316861900002]",18.98019825880657,28.974069394283582
1022,"[121.86580451719998, 15.381121274099998]",18.70589915530768,28.675083516632437
1023,"[121.53963893889996, 15.377669642799999]",18.432386253938144,28.369519561241614
1024,"[121.21305353549998, 15.4415347702]",18.1762086101742,28.040825257703688
1025,"[120.81984851719996, 15.419768600400003]",17.887350008224306,27.679474348403442
1026,"[120.45240286660001, 15.417816896600002]",17.599721734736228,27.33610387177187
1027,"[120.10585001329993, 15.429108043699998]",17.341111036981392,27.008144600510388
1028,"[119.74023233229995, 15.4629431702]",17.059784034007926,26.6547440860846
1029,"[119.40789607359994, 15.404344492499991]",16.833836115456812,26.36648556389286
1030,"[119.1060359545, 15.5889950316]",16.552907031919045,26.018005678879803
1031,"[118.72494083489997, 15.595022819699999]",16.420180922494737,25.661297365678514
1032,"[118.27353635319993, 15.597116215199996]",16.219149627549672,25.241597715712548
1033,"[117.78425490919993, 15.583254536200007]",16.12215349966727,24.67121877935508
1034,"[117.28479070989995, 15.538198109899998]",16.0306382297455,24.219031481607352
1035,"[116.72715720159995, 15.4990052268]",15.97595448607546,23.712487706408233
1036,"[116.20395208499998, 15.421682325999997]",15.929524591823933,23.254520164078983
1037,"[115.56430283569993, 15.471258873600002]",15.915842798833022,22.643465768245918
1038,"[114.96390139670004, 15.499904514600003]",15.9423012723791,22.986080833929364
1039,"[114.33722251629999, 15.513080134099996]",15.965013491384827,23.4763113615544
1040,"[113.76045494190001, 15.571814536699996]",16.016123548462446,23.442625425834073
1041,"[113.13794711219998, 15.572132347999998]",16.017994123967323,23.937764300814912
1042,"[112.54361156989998, 15.693032779900006]",15.947535645842995,24.38905912833791
1043,"[111.98268361070008, 15.888863491500004]",16.039059320469732,24.154863160263442
1044,"[111.44536540429998, 16.054385474]",16.07748216112219,23.904967737238245
1045,"[110.80307599340001, 16.151181001500003]",16.14544072690671,24.316495692950316
1046,"[110.21464578309997, 16.308830369100004]",16.24029329438923,24.430696372289507
1047,"[109.64301401499995, 16.392336024000002]",16.32347055221921,24.814058645117857
1048,"[109.1042807754, 16.4741447788]",16.37088557165589,25.262567014299297
1049,"[108.57737537999998, 16.556604807200006]",16.501203504281733,25.72174946314892
1050,"[108.03999037890004, 16.753945423399998]",16.54610965431126,26.110108767113466
1051,"[107.43110381070002, 16.847292686600007]",16.59972890658598,26.19880427419878
1052,"[106.89317565879999, 16.9035580643]",16.719075605742123,25.742393380537663
1053,"[106.415619142, 17.0520881023]",16.79017212850338,26.252520509764878
1054,"[105.85134192770003, 17.2214838722]",16.83904469909273,26.646116806637128
1055,"[105.32374796500002, 17.3096503877]",16.939325911231983,27.11494626699145
1056,"[104.79540021870004, 17.423800448899996]",17.03153813010606,27.3234658643049
1057,"[104.32459390259999, 17.599471196299998]",17.097577159289997,27.824747494255565
1058,"[103.76886011620002, 17.6885586502]",17.18380050893783,28.147620476120668
1059,"[103.21367528520003, 17.868305997899995]",17.265948477855996,28.530914452368375
1060,"[102.80541078699999, 18.040989445900003]",17.36309995382832,28.82877884223
1061,"[102.34833874000002, 18.263126862100002]",17.469685064869992,29.28260283434235
1062,"[101.9508492126, 18.465158571699995]",17.708103562398666,29.83684990920332
1063,"[101.58412511140001, 18.632522569200002]",17.929161383433733,30.423345006229486
1064,"[101.27315211829995, 18.7474810856]",18.151177247790116,31.0803051087759
1065,"[101.06184961509999, 18.854936277999997]",18.463478825711153,31.74009406761771
1066,"[100.89018860190002, 18.992788562500003]",18.873681231020623,31.905014430708505
1067,"[100.79795594210007, 19.13248145479999]",19.236274108155826,31.47044017290987
1068,"[100.72376521130002, 19.205710799299997]",19.661510387011443,31.26933868908582
1069,"[100.73755053430003, 19.3739164952]",20.127557982225895,30.769727212399705
1070,"[100.75031682309998, 19.4400912231]",20.64408745497437,30.619439876872832
1071,"[100.7166324571, 19.5053510754]",21.12311660098668,31.443632938543693
1072,"[100.70617897870002, 19.615825133599998]",21.58255914310267,32.130553879390504
1073,"[100.68601594889998, 19.67038105130001]",22.04101113675231,32.93024894632046
1074,"[100.75038969319999, 19.774170804700006]",22.569939899731366,33.910289065737274
1075,"[100.7696426429, 19.887681112899998]",23.141368675335315,34.8771113811203
1076,"[100.82930987049998, 19.893127710099996]",23.741312211091152,35.880261338111694
1077,"[100.8648237627, 19.885899657500005]",24.369364801179557,36.80984188216082
1078,"[100.94398761749999, 19.887482838999993]",24.90930824889045,37.68122530725707
1079,"[101.04125224410004, 19.975369175200004]",25.476674868569052,38.738265559776934
1080,"[101.08444566210001, 20.034251705600006]",26.09166080708024,39.67267287012771
1081,"[101.11714336900002, 20.123900131199992]",26.65849518465268,40.23040855267529
1082,"[101.17405349419998, 20.237874057600003]",27.18278490849095,40.067400229337515
1083,"[101.26948253390006, 20.359012167099987]",27.691980576973656,39.1528018828223
1084,"[101.36000975569999, 20.5124248705]",28.23269738903256,39.85067740576785
1085,"[101.41051580159997, 20.574058906699996]",28.79206825672158,40.53594336808302
1086,"[101.43489918159996, 20.6688987867]",29.28599073054455,41.48089851937822
1087,"[101.50749745099996, 20.7654200678]",29.803741123769115,42.48944276827208
1088,"[101.5323910988, 20.7928347508]",30.336582625589426,43.49830630072198
1089,"[101.51542912389999, 20.8514374671]",30.7996428068437,44.01864058055618
1090,"[101.44681288590002, 20.819580919799996]",31.16973365037735,44.65747234269351
1091,"[101.37174374450002, 20.837242756500004]",31.554395592303962,45.01317588255089
1092,"[101.20538328720005, 20.818529531900005]",31.807738732140297,45.57855781175079
1093,"[101.02592415000002, 20.76911419690001]",31.99354221913654,46.19471133305762
1094,"[100.81126505450001, 20.679645775300006]",32.168672833415094,46.381732934967225
1095,"[100.58546246220003, 20.561826073100004]",32.332474911917274,46.50279016663855
1096,"[100.39861092990003, 20.4104387034]",32.47415107827922,46.96973109576235
1097,"[100.27527798040002, 20.267667883400005]",32.5732342528778,46.894341356903446
1098,"[100.1463888687, 20.0516760195]",32.599484640988244,46.308256430140304
1099,"[100.11651055579999, 19.849529222500006]",32.5814791540768,47.31739202018705
1100,"[100.10362204080006, 19.635733929900002]",32.54697341503223,47.65213471199468
1101,"[100.09728830120001, 19.3965947613]",32.471174169275386,47.956039481364094
1102,"[100.11953671860003, 19.150953412200003]",32.37260542210774,48.48273051060899
1103,"[100.19154793209998, 18.9157712915]",32.218020786170335,48.42115317597039
1104,"[100.30823970560003, 18.658456980700006]",32.04323160488174,48.31192081850505
1105,"[100.42432277350001, 18.4228055111]",31.864388620435196,48.12793862369776
1106,"[100.48757251160004, 18.1591240191]",31.707421729278103,47.83386405101475
1107,"[100.57833310260003, 17.949448008399994]",31.546956484146712,47.40546163589086
1108,"[100.70319601070001, 17.717543627699996]",31.424955695781026,47.15558812272934
1109,"[100.79452774480002, 17.4804138259]",31.29135797749624,46.766335851284325
1110,"[100.90448855589997, 17.227713668899995]",31.13755815438472,46.262294809961105
1111,"[100.99965655120002, 16.9898367906]",30.979600961407968,45.72566643255636
1112,"[101.0823912168, 16.757229608300005]",30.8267382851062,45.117693948065444
1113,"[101.20136793269998, 16.515068914900002]",30.653278476555833,44.48529560124
1114,"[101.33312242360002, 16.285515998099996]",30.464959338775543,44.008583585466695
1115,"[101.48113495079998, 16.103238699400002]",30.281663691869184,43.47878826435952
1116,"[101.64204134360001, 15.8864192268]",30.053740325106403,42.93914145056705
1117,"[101.88255875570003, 15.654367309400005]",29.746437439113887,42.35285919821475
1118,"[102.05169696580003, 15.455243429700003]",29.53805085948617,41.76154580767793
1119,"[102.21454385219998, 15.26991742340001]",29.32658518691595,41.185225518046614
1120,"[102.45135792039999, 15.082483186000005]",29.06429270249625,40.54189597594049
1121,"[102.64168108470002, 14.947677960800005]",28.8031211150197,40.589036638597634
1122,"[102.80877861150003, 14.772680700600006]",28.601191577673525,41.153766405859734
1123,"[103.01387642360005, 14.5778050312]",28.35293146150548,40.648941543737706
1124,"[103.2519378515, 14.441265053200006]",28.076580285382352,40.01165492686322
1125,"[103.48150148239996, 14.283430877699997]",27.800851932935696,39.94772241352668
1126,"[103.70637185590002, 14.097213052200003]",27.533744997840458,39.40388497128203
1127,"[103.96656382200004, 13.977662314300005]",27.267982905400263,39.07310144051635
1128,"[104.20662098530002, 13.889461736500008]",26.967308525686303,38.333325350722966
1129,"[104.4257730918, 13.7983632778]",26.708327125147147,37.62800764069372
1130,"[104.70075334180002, 13.676343155700003]",26.39417772777184,36.92259910705384
1131,"[104.95176249630002, 13.564704892000002]",26.09873731772816,36.52014761973551
1132,"[105.18547320219999, 13.447927523100002]",25.83920307038908,35.85156247324526
1133,"[105.42302663490001, 13.390919891800001]",25.5588609456166,35.101624771326826
1134,"[105.72846099900002, 13.298251836400006]",25.237292949024106,34.45662446510548
1135,"[105.9835656613, 13.206232701300003]",24.923076702581213,34.2004921300831
1136,"[106.29489011620007, 13.184847975000004]",24.612420610324214,33.914324431831986
1137,"[106.57563354620002, 13.129581954200003]",24.29848994225455,33.7711639374463
1138,"[106.82872957610003, 13.088463276599995]",23.991038128033832,33.02693993392343
1139,"[107.10847822430003, 13.126753338999999]",23.69118260130776,32.305477378336946
1140,"[107.38182024960003, 13.1349382517]",23.402302207944885,32.1309335972286
1141,"[107.61512801260004, 13.121735171100001]",23.113492721921613,31.416415368605094
1142,"[107.87928309950006, 13.211645153099996]",22.79050389336126,30.89870763935736
1143,"[108.17737881840003, 13.296264173499997]",22.495279315271954,30.538635032404585
1144,"[108.44815910230004, 13.350430612199995]",22.191549351274503,30.374507601842023
1145,"[108.77139196370003, 13.381081195599997]",21.88680305225289,30.581905909024417
1146,"[109.02859873030002, 13.504765292299998]",21.653601301239735,30.948992081819476
1147,"[109.29273177460003, 13.675101735799998]",21.49942989768246,30.312930622458193
1148,"[109.63501943379998, 13.720979771900007]",21.260305598633227,29.662652230347376
1149,"[109.95436587729996, 13.754300301400002]",21.0265030972224,28.968648955781706
1150,"[110.27771052199998, 13.799580903599999]",20.822900444346573,29.801108188192664
1151,"[110.6363945921, 13.874568097100004]",20.570547619784115,29.38197907264826
1152,"[111.04021299860005, 13.939084432100001]",20.43165834179786,29.588602639590654
1153,"[111.38775975200001, 14.026662193500005]",20.20492293439739,29.108788965102
1154,"[111.71527936499999, 14.107824975600009]",19.98810734407934,28.41927425768473
1155,"[112.03305021060005, 14.152628250699998]",19.77842608888537,27.768465783266745
1156,"[112.3206966105, 14.229567120399997]",19.51047650883132,27.44603184604456
1157,"[112.64166342160004, 14.283971049199998]",19.25184755169718,26.781546197595485
1158,"[112.92367488410004, 14.3628778359]",18.97815750175484,26.684668470964475
1159,"[113.28125016560003, 14.3830020666]",18.74384795532033,26.03865735428483
1160,"[113.72162418690003, 14.284008938299994]",18.64805553736527,26.203914474623055
1161,"[114.11757683929994, 14.388992806399994]",18.51162042201398,27.053680083807777
1162,"[114.62575909919998, 14.382010394499996]",18.46400878391734,26.594532703525957
1163,"[115.12514724690001, 14.464842280199996]",18.332212093684674,26.403704831107984
1164,"[115.60427277079997, 14.5242889227]",18.317263505932655,25.998848389020363
1165,"[116.05104949540008, 14.619565292900006]",18.269907028077963,25.91106799422566
1166,"[116.58259733930002, 14.655966162299997]",18.276574313699847,26.369821731354442
1167,"[117.20713761299994, 14.786281706599999]",18.264267143965785,26.484584621664283
1168,"[117.77524234280004, 15.001912976199995]",18.27676750733987,27.30962570629826
1169,"[118.35665060639998, 15.225779710999996]",18.297164432808856,26.854589078568015
1170,"[118.8633815374999, 15.399926126999999]",18.309381996569165,27.112307896694087
1171,"[119.37275319629997, 15.606968620599998]",18.33905912909698,26.915312064049495
1172,"[119.85594334569996, 15.755700786700011]",18.335216651186084,27.61908627625445
1173,"[120.3585354886, 15.884635225400002]",18.266837964572957,27.137951887526548
1174,"[120.84088173169998, 15.978605495599995]",18.154672582014783,26.5859157437664
1175,"[121.2542127836, 16.0783381402]",18.01999764667504,26.287862145287715
1176,"[121.70637156430001, 16.169163306500007]",17.896890447518462,25.811655601821283
1177,"[122.25817383799996, 16.143855374899996]",17.884034372669007,25.775325559966614
1178,"[122.8332302557, 16.151026060000007]",17.81994604783938,26.626925919292912
1179,"[123.38334003770004, 16.090141868]",17.74250792773144,26.288700826244707
1180,"[123.93035064230006, 16.0281858167]",17.634452795385627,26.279079692851713
